[2026-02-28T17:42:57.664] [INFO] debug-file - Finished :commonlib:default@ConfigureCmake... after 1 ms 
[2026-02-28T17:42:57.665] [DEBUG] debug-file - Executing task :commonlib:default@MergeProfile
[2026-02-28T17:42:57.665] [DEBUG] debug-file - Task 'commonlib:default@MergeProfile' cost while wrapping incremental declarations: 1 ms 
[2026-02-28T17:42:57.665] [DEBUG] debug-file - Change app api release type with 'Release'
[2026-02-28T17:42:57.665] [DEBUG] debug-file - Change app compile API version with '6.0.2.130'
[2026-02-28T17:42:57.665] [DEBUG] debug-file - Change app target API version with '60002022'
[2026-02-28T17:42:57.666] [DEBUG] debug-file - Change app minimum API version with '60002022'
[2026-02-28T17:42:57.666] [DEBUG] debug-file - Use cli appEnvironment
[2026-02-28T17:42:57.666] [DEBUG] debug-file - commonlib : default@MergeProfile cost memory 0.114166259765625
[2026-02-28T17:42:57.666] [DEBUG] debug-file - runTaskFromQueue task cost before running: 215 ms 
[2026-02-28T17:42:57.667] [INFO] debug-file - Finished :commonlib:default@MergeProfile... after 2 ms 
[2026-02-28T17:42:57.667] [DEBUG] debug-file - Executing task :entry:default@SyscapTransform
[2026-02-28T17:42:57.667] [DEBUG] debug-file - File: '/Users/ccccc/harmonyProjests/IEasyBookC/products/entry/src/main/syscap.json' from 'sysCapJsonPath' is not exists, just ignore.
[2026-02-28T17:42:57.667] [DEBUG] debug-file - Task 'entry:default@SyscapTransform' cost while wrapping incremental declarations: 1 ms 
[2026-02-28T17:42:57.667] [DEBUG] debug-file - entry:default@SyscapTransform is not up-to-date, since the output file '/Users/ccccc/harmonyProjests/IEasyBookC/products/entry/build/default/intermediates/syscap/default/rpcid.sc' does not exist.
[2026-02-28T17:42:57.668] [DEBUG] debug-file - Incremental task entry:default@SyscapTransform pre-execution cost: 1 ms .
[2026-02-28T17:42:57.668] [DEBUG] debug-file - entry : default@SyscapTransform cost memory 0.10483551025390625
[2026-02-28T17:42:57.668] [DEBUG] debug-file - runTaskFromQueue task cost before running: 216 ms 
[2026-02-28T17:42:57.668] [INFO] debug-file - Finished :entry:default@SyscapTransform... after 1 ms 
[2026-02-28T17:42:57.668] [DEBUG] debug-file - Executing task :entry:default@ProcessRouterMap
[2026-02-28T17:42:57.669] [DEBUG] debug-file - entry:default@ProcessRouterMap is not up-to-date, since the input file '/Users/ccccc/harmonyProjests/IEasyBookC/products/entry/oh-package.json5' has been changed.
[2026-02-28T17:42:57.669] [DEBUG] debug-file - Incremental task entry:default@ProcessRouterMap pre-execution cost: 1 ms .
[2026-02-28T17:42:57.670] [DEBUG] debug-file - entry : default@ProcessRouterMap cost memory 0.18280792236328125
[2026-02-28T17:42:57.670] [DEBUG] debug-file - runTaskFromQueue task cost before running: 218 ms 
[2026-02-28T17:42:57.670] [INFO] debug-file - Finished :entry:default@ProcessRouterMap... after 2 ms 
[2026-02-28T17:42:57.670] [DEBUG] debug-file - Executing task :entry:default@ProcessShareConfig
[2026-02-28T17:42:57.671] [DEBUG] debug-file - entry:default@ProcessShareConfig is not up-to-date, since the input file '/Users/ccccc/harmonyProjests/IEasyBookC/products/entry/oh-package.json5' has been changed.
[2026-02-28T17:42:57.671] [DEBUG] debug-file - Incremental task entry:default@ProcessShareConfig pre-execution cost: 1 ms .
[2026-02-28T17:42:57.671] [DEBUG] debug-file - entry : default@ProcessShareConfig cost memory 0.1787109375
[2026-02-28T17:42:57.671] [DEBUG] debug-file - runTaskFromQueue task cost before running: 219 ms 
[2026-02-28T17:42:57.671] [INFO] debug-file - Finished :entry:default@ProcessShareConfig... after 1 ms 
[2026-02-28T17:42:57.671] [DEBUG] debug-file - Executing task :entry:default@ProcessStartupConfig
[2026-02-28T17:42:57.671] [DEBUG] debug-file - Task 'entry:default@ProcessStartupConfig' cost while wrapping incremental declarations: 1 ms 
[2026-02-28T17:42:57.671] [DEBUG] debug-file - entry:default@ProcessStartupConfig is not up-to-date, since the input file '/Users/ccccc/harmonyProjests/IEasyBookC/products/entry/build/default/intermediates/loader/default/pkgContextInfo.json' has been changed.
[2026-02-28T17:42:57.671] [DEBUG] debug-file - Incremental task entry:default@ProcessStartupConfig pre-execution cost: 1 ms .
[2026-02-28T17:42:57.672] [DEBUG] debug-file - entry : default@ProcessStartupConfig cost memory 0.12818145751953125
[2026-02-28T17:42:57.672] [DEBUG] debug-file - runTaskFromQueue task cost before running: 220 ms 
[2026-02-28T17:42:57.672] [INFO] debug-file - Finished :entry:default@ProcessStartupConfig... after 1 ms 
[2026-02-28T17:42:57.672] [DEBUG] debug-file - Executing task :entry:default@CreateBuildProfile
[2026-02-28T17:42:57.672] [DEBUG] debug-file - Task 'entry:default@CreateBuildProfile' cost while wrapping incremental declarations: 1 ms 
[2026-02-28T17:42:57.672] [DEBUG] debug-file - entry:default@CreateBuildProfile is not up-to-date, since the input file '/Users/ccccc/harmonyProjests/IEasyBookC/build-profile.json5' has been changed.
[2026-02-28T17:42:57.672] [DEBUG] debug-file - Incremental task entry:default@CreateBuildProfile pre-execution cost: 1 ms .
[2026-02-28T17:42:57.672] [DEBUG] debug-file - entry : default@CreateBuildProfile cost memory 0.07987213134765625
[2026-02-28T17:42:57.672] [DEBUG] debug-file - runTaskFromQueue task cost before running: 221 ms 
[2026-02-28T17:42:57.673] [INFO] debug-file - Finished :entry:default@CreateBuildProfile... after 1 ms 
[2026-02-28T17:42:57.673] [DEBUG] debug-file - Executing task :commonlib:default@BuildNativeWithCmake
[2026-02-28T17:42:57.673] [DEBUG] debug-file - commonlib : default@BuildNativeWithCmake cost memory 0.0135345458984375
[2026-02-28T17:42:57.673] [DEBUG] debug-file - runTaskFromQueue task cost before running: 221 ms 
[2026-02-28T17:42:57.673] [INFO] debug-file - Finished :commonlib:default@BuildNativeWithCmake... after 1 ms 
[2026-02-28T17:42:57.673] [DEBUG] debug-file - Executing task :entry:default@MergeProfile
[2026-02-28T17:42:57.673] [DEBUG] debug-file - Task 'entry:default@MergeProfile' cost while wrapping incremental declarations: 1 ms 
[2026-02-28T17:42:57.673] [DEBUG] debug-file - entry:default@MergeProfile is not up-to-date, since the input file '/Users/ccccc/harmonyProjests/IEasyBookC/build-profile.json5' has been changed.
[2026-02-28T17:42:57.673] [DEBUG] debug-file - Incremental task entry:default@MergeProfile pre-execution cost: 1 ms .
[2026-02-28T17:42:57.673] [DEBUG] debug-file - Change app api release type with 'Release'
[2026-02-28T17:42:57.673] [DEBUG] debug-file - Change app compile API version with '6.0.2.130'
[2026-02-28T17:42:57.673] [DEBUG] debug-file - Change app target API version with '60002022'
[2026-02-28T17:42:57.673] [DEBUG] debug-file - Change app minimum API version with '60002022'
[2026-02-28T17:42:57.673] [DEBUG] debug-file - Use cli appEnvironment
[2026-02-28T17:42:57.674] [DEBUG] debug-file - entry : default@MergeProfile cost memory 0.24383544921875
[2026-02-28T17:42:57.674] [DEBUG] debug-file - runTaskFromQueue task cost before running: 222 ms 
[2026-02-28T17:42:57.674] [INFO] debug-file - Finished :entry:default@MergeProfile... after 2 ms 
[2026-02-28T17:42:57.675] [DEBUG] debug-file - Obtain build option for module 'commonlib' target 'default'in this build.
[2026-02-28T17:42:57.675] [DEBUG] debug-file - Executing task :entry:default@GenerateLoaderJson
[2026-02-28T17:42:57.676] [DEBUG] debug-file - Task 'entry:default@GenerateLoaderJson' cost while wrapping incremental declarations: 1 ms 
[2026-02-28T17:42:57.676] [DEBUG] debug-file - Obtain build option for module 'commonlib' target 'default'in this build.
[2026-02-28T17:42:57.676] [DEBUG] debug-file - Obtain build option for module 'commonlib' target 'default'in this build.
[2026-02-28T17:42:57.677] [DEBUG] debug-file - Obtain build option for module 'commonlib' target 'default'in this build.
[2026-02-28T17:42:57.677] [DEBUG] debug-file - Obtain build option for module 'commonlib' target 'default'in this build.
[2026-02-28T17:42:57.677] [DEBUG] debug-file - Obtain build option for module 'commonlib' target 'default'in this build.
[2026-02-28T17:42:57.677] [DEBUG] debug-file - entry:default@GenerateLoaderJson is not up-to-date, since the input file '/Users/ccccc/harmonyProjests/IEasyBookC/products/entry/build/default/intermediates/loader/default/pkgContextInfo.json' has been changed.
[2026-02-28T17:42:57.677] [DEBUG] debug-file - Incremental task entry:default@GenerateLoaderJson pre-execution cost: 1 ms .
[2026-02-28T17:42:57.678] [DEBUG] debug-file - Obtain build option for module 'commonlib' target 'default'in this build.
[2026-02-28T17:42:57.680] [DEBUG] debug-file - entry : default@GenerateLoaderJson cost memory 0.7876358032226562
[2026-02-28T17:42:57.680] [DEBUG] debug-file - runTaskFromQueue task cost before running: 228 ms 
[2026-02-28T17:42:57.680] [DEBUG] debug-file - Obtain build option for module 'commonlib' target 'default'in this build.
[2026-02-28T17:42:57.680] [DEBUG] debug-file - Obtain build option for module 'commonlib' target 'default'in this build.
[2026-02-28T17:42:57.680] [INFO] debug-file - Finished :entry:default@GenerateLoaderJson... after 5 ms 
[2026-02-28T17:42:57.681] [DEBUG] debug-file - Executing task :entry:default@ConfigureCmake
[2026-02-28T17:42:57.681] [DEBUG] debug-file - entry : default@ConfigureCmake cost memory 0.01351165771484375
[2026-02-28T17:42:57.681] [DEBUG] debug-file - runTaskFromQueue task cost before running: 229 ms 
[2026-02-28T17:42:57.681] [INFO] debug-file - Finished :entry:default@ConfigureCmake... after 1 ms 
[2026-02-28T17:42:57.681] [DEBUG] debug-file - Executing task :commonlib:default@BuildNativeWithNinja
[2026-02-28T17:42:57.681] [DEBUG] debug-file - commonlib : default@BuildNativeWithNinja cost memory 0.02352142333984375
[2026-02-28T17:42:57.681] [DEBUG] debug-file - runTaskFromQueue task cost before running: 229 ms 
[2026-02-28T17:42:57.681] [INFO] debug-file - Finished :commonlib:default@BuildNativeWithNinja... after 1 ms 
[2026-02-28T17:42:57.682] [DEBUG] debug-file - Executing task :entry:default@MakePackInfo
[2026-02-28T17:42:57.682] [DEBUG] debug-file - entry:default@MakePackInfo is not up-to-date, since the input file '/Users/ccccc/harmonyProjests/IEasyBookC/build-profile.json5' has been changed.
[2026-02-28T17:42:57.682] [DEBUG] debug-file - Incremental task entry:default@MakePackInfo pre-execution cost: 1 ms .
[2026-02-28T17:42:57.682] [DEBUG] debug-file - Module Pack Info:  {
  summary: {
    app: { bundleName: 'c***c', bundleType: 'app', version: [Object] },
    modules: [ [Object] ]
  },
  packages: [
    {
      deviceType: [Array],
      moduleType: 'entry',
      deliveryWithInstall: true,
      name: 'entry-default'
    }
  ]
}
[2026-02-28T17:42:57.682] [DEBUG] debug-file - entry : default@MakePackInfo cost memory 0.13016510009765625
[2026-02-28T17:42:57.682] [DEBUG] debug-file - runTaskFromQueue task cost before running: 230 ms 
[2026-02-28T17:42:57.682] [INFO] debug-file - Finished :entry:default@MakePackInfo... after 1 ms 
[2026-02-28T17:42:57.683] [DEBUG] debug-file - Executing task :entry:default@ProcessProfile
[2026-02-28T17:42:57.683] [DEBUG] debug-file - Task 'entry:default@ProcessProfile' cost while wrapping incremental declarations: 1 ms 
[2026-02-28T17:42:57.683] [DEBUG] debug-file - entry:default@ProcessProfile is not up-to-date, since the input file '/Users/ccccc/harmonyProjests/IEasyBookC/products/entry/build/default/intermediates/merge_profile/default/module.json' has been changed.
[2026-02-28T17:42:57.683] [DEBUG] debug-file - Incremental task entry:default@ProcessProfile pre-execution cost: 1 ms .
[2026-02-28T17:42:57.684] [DEBUG] debug-file - [
  '/Applications/DevEco-Studio.app/Contents/tools/node/bin/node',
  '/Applications/DevEco-Studio.app/Contents/sdk/default/openharmony/ets/build-tools/ets-loader/bin/ark/ts2abc.js',
  '--target-api-version',
  '22'
]
[2026-02-28T17:42:57.747] [DEBUG] debug-file - 13.0.1.0
[2026-02-28T17:42:57.754] [DEBUG] debug-file - No need to add fake ui ability because of not in preview process.
[2026-02-28T17:42:57.754] [DEBUG] debug-file - entry : default@ProcessProfile cost memory -20.24384307861328
[2026-02-28T17:42:57.754] [DEBUG] debug-file - runTaskFromQueue task cost before running: 302 ms 
[2026-02-28T17:42:57.754] [INFO] debug-file - Finished :entry:default@ProcessProfile... after 72 ms 
[2026-02-28T17:42:57.755] [DEBUG] debug-file - Executing task :entry:default@BuildNativeWithCmake
[2026-02-28T17:42:57.755] [DEBUG] debug-file - entry : default@BuildNativeWithCmake cost memory 0.01576995849609375
[2026-02-28T17:42:57.755] [DEBUG] debug-file - runTaskFromQueue task cost before running: 303 ms 
[2026-02-28T17:42:57.755] [INFO] debug-file - Finished :entry:default@BuildNativeWithCmake... after 1 ms 
[2026-02-28T17:42:57.755] [DEBUG] debug-file - Executing task :commonlib:default@ProcessLibs
[2026-02-28T17:42:57.758] [DEBUG] debug-file - Worker dispatch failed, running processLibs on main thread.
[2026-02-28T17:42:57.758] [DEBUG] debug-file - commonlib : default@ProcessLibs cost memory 0.29315185546875
[2026-02-28T17:42:57.758] [DEBUG] debug-file - runTaskFromQueue task cost before running: 306 ms 
[2026-02-28T17:42:57.758] [INFO] debug-file - Finished :commonlib:default@ProcessLibs... after 3 ms 
[2026-02-28T17:42:57.758] [DEBUG] debug-file - restool module names: entry,commonlib; moduleName=entry, taskName=default@ProcessResource
[2026-02-28T17:42:57.759] [DEBUG] debug-file - Executing task :entry:default@ProcessResource
[2026-02-28T17:42:57.759] [DEBUG] debug-file - Task 'entry:default@ProcessResource' cost while wrapping incremental declarations: 1 ms 
[2026-02-28T17:42:57.759] [DEBUG] debug-file - entry:default@ProcessResource is not up-to-date, since the task snapshots are different.
[2026-02-28T17:42:57.759] [DEBUG] debug-file - Incremental task entry:default@ProcessResource pre-execution cost: 1 ms .
[2026-02-28T17:42:57.760] [DEBUG] debug-file - entry : default@ProcessResource cost memory 0.145721435546875
[2026-02-28T17:42:57.761] [DEBUG] debug-file - runTaskFromQueue task cost before running: 309 ms 
[2026-02-28T17:42:57.761] [INFO] debug-file - Finished :entry:default@ProcessResource... after 2 ms 
[2026-02-28T17:42:57.761] [DEBUG] debug-file - Executing task :commonlib:default@DoNativeStrip
[2026-02-28T17:42:57.761] [DEBUG] debug-file - Task 'commonlib:default@DoNativeStrip' cost while wrapping incremental declarations: 1 ms 
[2026-02-28T17:42:57.762] [DEBUG] debug-file - commonlib : default@DoNativeStrip cost memory 0.052490234375
[2026-02-28T17:42:57.762] [DEBUG] debug-file - runTaskFromQueue task cost before running: 310 ms 
[2026-02-28T17:42:57.762] [INFO] debug-file - Finished :commonlib:default@DoNativeStrip... after 2 ms 
[2026-02-28T17:42:57.763] [DEBUG] debug-file - restool module names: entry,commonlib; moduleName=entry, taskName=default@CompileResource
[2026-02-28T17:42:57.763] [DEBUG] debug-file - Executing task :entry:default@CompileResource
[2026-02-28T17:42:57.764] [DEBUG] debug-file - entry:default@CompileResource is not up-to-date, since the input file '/Users/ccccc/harmonyProjests/IEasyBookC/commons/commonlib/src/main/resources' has been changed.
[2026-02-28T17:42:57.764] [DEBUG] debug-file - Incremental task entry:default@CompileResource pre-execution cost: 1 ms .
[2026-02-28T17:42:57.765] [DEBUG] debug-file - Use tool [/Applications/DevEco-Studio.app/Contents/sdk/default/openharmony/toolchains/restool]
 [
  '/Applications/DevEco-Studio.app/Contents/sdk/default/openharmony/toolchains/restool',
  '-l',
  '/Users/ccccc/harmonyProjests/IEasyBookC/products/entry/build/default/intermediates/res/default/resConfig.json'
]
[2026-02-28T17:42:57.765] [DEBUG] debug-file - current process  memoryUsage: {
  rss: 172294144,
  heapTotal: 177913856,
  heapUsed: 132415416,
  external: 3313736,
  arrayBuffers: 1335881
} os memoryUsage :17.9000244140625
[2026-02-28T17:42:57.782] [DEBUG] debug-file - Info: Pack: normal pack mode

[2026-02-28T17:42:57.859] [DEBUG] debug-file - Info: hardware concurrency count is : 11
Info: thread count is : 11

[2026-02-28T17:42:57.859] [DEBUG] debug-file - Info: thread pool is started

[2026-02-28T17:42:57.859] [DEBUG] debug-file - Info: GenericCompiler::CompileFiles

[2026-02-28T17:42:57.862] [DEBUG] debug-file - Info: GenericCompiler::CompileFiles

[2026-02-28T17:42:57.862] [DEBUG] debug-file - Warning: '/Users/ccccc/harmonyProjests/IEasyBookC/products/entry/src/main/resources/base/media/background.png' is defined repeatedly.
Warning: '/Users/ccccc/harmonyProjests/IEasyBookC/products/entry/src/main/resources/base/media/foreground.png' is defined repeatedly.
Warning: '/Users/ccccc/harmonyProjests/IEasyBookC/products/entry/src/main/resources/base/media/layered_image.json' is defined repeatedly.

[2026-02-28T17:42:57.863] [DEBUG] debug-file - Info: GenericCompiler::CompileFiles

[2026-02-28T17:42:57.864] [DEBUG] debug-file - Info: GenericCompiler::CompileFiles

[2026-02-28T17:42:57.865] [DEBUG] debug-file - Info: GenericCompiler::CompileFiles

[2026-02-28T17:42:57.865] [DEBUG] debug-file - Warning: 'page_text_font_size' conflict, first declared.
at /Users/ccccc/harmonyProjests/IEasyBookC/products/entry/src/main/resources/base/element/float.json
but declared again.
at /Users/ccccc/harmonyProjests/IEasyBookC/commons/commonlib/src/main/resources/base/element/float.json

[2026-02-28T17:42:57.866] [DEBUG] debug-file - 02-28 17:42:57.866 86234 6384195 E C01400/ImageTranscoderUtils: DecodeToRGBA IN
02-28 17:42:57.866 86234 6384195 E C01400/ImageTranscoderUtils: ImageFilter IN /Users/ccccc/harmonyProjests/IEasyBookC/AppScope/resources/base/media/background.png

[2026-02-28T17:42:57.894] [DEBUG] debug-file - 02-28 17:42:57.894 86234 6384195 E C01400/ImageTranscoderUtils: DecodeToRGBA IN
02-28 17:42:57.894 86234 6384195 E C01400/ImageTranscoderUtils: ImageFilter IN /Users/ccccc/harmonyProjests/IEasyBookC/AppScope/resources/base/media/foreground.png

[2026-02-28T17:42:57.911] [DEBUG] debug-file - Info: can't scale media json file.

[2026-02-28T17:42:57.911] [DEBUG] debug-file - Warning: The width or height of the png file referenced by the icon exceeds the limit (41 pixels)
at /Users/ccccc/harmonyProjests/IEasyBookC/AppScope/resources/base/media/background.png
Warning: The width or height of the png file referenced by the icon exceeds the limit (41 pixels)
at /Users/ccccc/harmonyProjests/IEasyBookC/AppScope/resources/base/media/foreground.png
Warning: /Users/ccccc/harmonyProjests/IEasyBookC/AppScope/resources/base/media/layered_image.json is not png format

[2026-02-28T17:42:57.911] [DEBUG] debug-file - Info: restool resources compile success.

[2026-02-28T17:42:57.912] [DEBUG] debug-file - Info: thread pool is stopped

[2026-02-28T17:42:57.915] [DEBUG] debug-file - entry : default@CompileResource cost memory 0.8208084106445312
[2026-02-28T17:42:57.915] [DEBUG] debug-file - runTaskFromQueue task cost before running: 463 ms 
[2026-02-28T17:42:57.915] [INFO] debug-file - Finished :entry:default@CompileResource... after 152 ms 
[2026-02-28T17:42:57.915] [DEBUG] debug-file - Executing task :entry:default@BuildNativeWithNinja
[2026-02-28T17:42:57.916] [DEBUG] debug-file - entry : default@BuildNativeWithNinja cost memory 0.0190582275390625
[2026-02-28T17:42:57.916] [DEBUG] debug-file - runTaskFromQueue task cost before running: 464 ms 
[2026-02-28T17:42:57.916] [INFO] debug-file - Finished :entry:default@BuildNativeWithNinja... after 1 ms 
[2026-02-28T17:42:57.916] [DEBUG] debug-file - Executing task :entry:default@CompileArkTS
[2026-02-28T17:42:57.917] [DEBUG] debug-file - obfuscationOptions: undefined
[2026-02-28T17:42:57.918] [DEBUG] debug-file - Task 'entry:default@CompileArkTS' cost while wrapping incremental declarations: 1 ms 
[2026-02-28T17:42:57.918] [DEBUG] debug-file - entry:default@CompileArkTS is not up-to-date, since the input file '/Users/ccccc/harmonyProjests/IEasyBookC/products/entry/build/default/intermediates/loader/default' has been changed.
[2026-02-28T17:42:57.918] [DEBUG] debug-file - Incremental task entry:default@CompileArkTS pre-execution cost: 1 ms .
[2026-02-28T17:42:57.921] [DEBUG] debug-file - build config:
[2026-02-28T17:42:57.922] [DEBUG] debug-file - {
  moduleType: 'entry',
  perf: 0,
  targetName: '.default',
  packageManagerType: 'ohpm',
  localPropertiesPath: '/Users/ccccc/harmonyProjests/IEasyBookC/local.properties',
  isPreview: false,
  isOhosTest: false,
  isLocalTest: false,
  buildMode: 'Debug',
  hotReloadBuild: undefined,
  watchMode: 'false',
  aceProfilePath: '/Users/ccccc/harmonyProjests/IEasyBookC/products/entry/build/default/intermediates/res/default/resources/base/profile',
  etsLoaderPath: '/Applications/DevEco-Studio.app/Contents/sdk/default/openharmony/ets/build-tools/ets-loader',
  modulePath: '/Users/ccccc/harmonyProjests/IEasyBookC/products/entry',
  testFrameworkPar: {
    testMode: undefined,
    coveragePathFilter: undefined,
    coverageMode: undefined
  },
  needCoverageInsert: false,
  debugLine: false,
  projectTopDir: '/Users/ccccc/harmonyProjests/IEasyBookC',
  compileSdkVersion: 22,
  compatibleSdkVersion: 22,
  originCompatibleSdkVersion: '6.0.2(22)',
  compatibleSdkVersionStage: undefined,
  bundleName: 'c***c',
  etsLoaderVersion: '6.0.2.130',
  etsLoaderReleaseType: 'Release',
  aotCompileMode: 'type',
  apPath: '/Users/ccccc/harmonyProjests/IEasyBookC/products/entry/modules.ap',
  entryModuleName: 'entry',
  entryModuleVersion: '1.0.0',
  entryPackageName: 'entry',
  allModuleNameHash: '552273a80e684b7e0a6a69ba089ecb3f0be30f4c32a6a5fbd12ab5d21c3043c2',
  externalApiPaths: [ '/Applications/DevEco-Studio.app/Contents/sdk/default/hms/ets' ],
  compilerTypes: [],
  isCrossplatform: false,
  hvigorPluginFile: undefined,
  compilePluginPath: undefined,
  buildGeneratedProfilePath: '/Users/ccccc/harmonyProjests/IEasyBookC/products/entry/build/default/generated/profile/default',
  bundleType: 'app',
  arkTSVersion: undefined,
  apiVersion: 22,
  needCompleteSourcesMap: false,
  isFaMode: false,
  buildDir: '/Users/ccccc/harmonyProjests/IEasyBookC/products/entry/build',
  deviceTypes: [ 'phone', 'tablet' ],
  pkgContextInfo: {
    commonlib: {
      packageName: 'commonlib',
      bundleName: '*****',
      moduleName: '',
      version: '1.0.0',
      entryPath: 'Index.ets',
      isSO: false,
      dependencyAlias: ''
    },
    '@ohos/hypium': {
      packageName: '@ohos/hypium',
      bundleName: '*****',
      moduleName: '',
      version: '1.0.25',
      entryPath: 'index.js',
      isSO: false,
      dependencyAlias: ''
    },
    '@ohos/hamock': {
      packageName: '@ohos/hamock',
      bundleName: '*****',
      moduleName: '',
      version: '1.0.0',
      entryPath: 'index.ets',
      isSO: false,
      dependencyAlias: ''
    },
    entry: {
      packageName: 'entry',
      bundleName: '*****',
      moduleName: '',
      version: '',
      entryPath: 'src/main/',
      isSO: false,
      dependencyAlias: ''
    }
  },
  ohPackagePathMap: {},
  dependencyAliasMap: {},
  permission: { requestPermissions: undefined, definePermissions: undefined },
  useGetCurrentBundleName: false,
  projectArkOption: undefined,
  sourceMapDir: undefined,
  branchElimination: false,
  transformLib: undefined,
  tsImportSendable: false,
  resolveConflictMode: true,
  depName2RootPath: {},
  depName2DepInfo: {},
  rootPathSet: [ '/Users/ccccc/harmonyProjests/IEasyBookC' ],
  useNativeResolver: true,
  shouldEmitJs: true,
  useTscResolve: false,
  singleFileEmit: false,
  userProjectConfig: {
    autoLazyImport: false,
    allowEmptyBundleName: false,
    reExportCheckMode: 'noCheck',
    executionMode: 'memory',
    usePathPlaceholder: false,
    writeRollupCache: true,
    isExpandImportEnabled: false,
    expandImportExclude: '',
    lazyImportExclude: '',
    lazyImportInclude: '',
    ignoreCrossplatformCheck: false,
    isHarDeduplicateEnabled: false,
    skipOhModulesLint: false,
    enableStrictCheckOHModule: false,
    disableSendableCheckRules: [],
    useDeclarationFileSignature: false,
    customizedOptions: undefined,
    integratedHsp: false,
    isPreloadSoEnabled: false
  },
  executionMode: 'memory',
  arkCompileCachePath: '/Users/ccccc/harmonyProjests/IEasyBookC/products/entry/build/default/cache/default/default@CompileArkTS/esmodule',
  autoLazyFilter: undefined,
  isHarDeduplicateEnabled: false,
  intermediateHarDuplicateDirPath: '/Users/ccccc/harmonyProjests/IEasyBookC/products/entry/build/default/intermediates/har_duplicate/default',
  autoLazyImport: false,
  allowEmptyBundleName: false,
  reExportCheckMode: 'noCheck',
  usePathPlaceholder: false,
  writeRollupCache: true,
  isExpandImportEnabled: false,
  expandImportExclude: '',
  lazyImportExclude: '',
  lazyImportInclude: '',
  ignoreCrossplatformCheck: false,
  skipOhModulesLint: false,
  enableStrictCheckOHModule: false,
  disableSendableCheckRules: [],
  useDeclarationFileSignature: false,
  customizedOptions: undefined,
  integratedHsp: false,
  isPreloadSoEnabled: false,
  strictMode: {
    caseSensitiveCheck: true,
    useNormalizedOHMUrl: true,
    noExternalImportByPath: true
  },
  useNormalizedOHMUrl: true,
  caseSensitiveCheck: true,
  aceModuleJsonPath: '/Users/ccccc/harmonyProjests/IEasyBookC/products/entry/build/default/intermediates/res/default/ark_module.json',
  appResource: '/Users/ccccc/harmonyProjests/IEasyBookC/products/entry/build/default/intermediates/res/default/ResourceTable.txt',
  rawFileResource: '/Users/ccccc/harmonyProjests/IEasyBookC/products/entry/build/default/intermediates/res/default/resources/rawfile',
  resourceTableHash: '92a21f137b17a6c9153d0d380485a274f2e7b74c748b9f8050b82f1217ef7654',
  runtimeOS: 'HarmonyOS',
  sdkInfo: 'false:22:6.0.2.130:Release',
  aceModuleRoot: '/Users/ccccc/harmonyProjests/IEasyBookC/products/entry/src/main/ets',
  compileMode: 'esmodule',
  aceSuperVisualPath: '/Users/ccccc/harmonyProjests/IEasyBookC/products/entry/src/main/supervisual',
  aceBuildJson: '/Users/ccccc/harmonyProjests/IEasyBookC/products/entry/build/default/intermediates/loader/default/loader.json',
  cachePath: '/Users/ccccc/harmonyProjests/IEasyBookC/products/entry/build/default/cache/default/default@CompileArkTS/esmodule/debug',
  aceModuleBuild: '/Users/ccccc/harmonyProjests/IEasyBookC/products/entry/build/default/intermediates/loader_out/default/ets',
  supportChunks: true,
  declaredFilesPath: undefined,
  shouldCollectDirectImportees: false,
  isByteCodeHarOptimize: false,
  expandImportPath: undefined,
  pkgNameToPkgBriefInfo: {
    commonlib: {
      pkgRoot: '/Users/ccccc/harmonyProjests/IEasyBookC/commons/commonlib',
      pkgName: 'commonlib',
      sourceRoots: [Array],
      originalSourceRoots: undefined
    },
    entry: {
      pkgRoot: '/Users/ccccc/harmonyProjests/IEasyBookC/products/entry',
      originalSourceRoots: undefined,
      sourceRoots: [Array],
      pkgName: 'entry'
    }
  },
  projectModel: {
    '/Users/ccccc/harmonyProjests/IEasyBookC/products/entry/src/main': {
      moduleName: 'entry',
      modulePkgPath: '/Users/ccccc/harmonyProjests/IEasyBookC/products/entry',
      belongProjectPath: '/Users/ccccc/harmonyProjests/IEasyBookC'
    },
    '/Users/ccccc/harmonyProjests/IEasyBookC/products/entry/build/default/intermediates/src/ohosTest/ets': {
      moduleName: 'entry_test',
      modulePkgPath: '/Users/ccccc/harmonyProjests/IEasyBookC/products/entry',
      belongProjectPath: '/Users/ccccc/harmonyProjests/IEasyBookC'
    },
    '/Users/ccccc/harmonyProjests/IEasyBookC/products/entry/src/ohosTest': {
      moduleName: 'entry_test',
      modulePkgPath: '/Users/ccccc/harmonyProjests/IEasyBookC/products/entry',
      belongProjectPath: '/Users/ccccc/harmonyProjests/IEasyBookC'
    },
    '/Users/ccccc/harmonyProjests/IEasyBookC/products/entry': {
      moduleName: 'entry',
      modulePkgPath: '/Users/ccccc/harmonyProjests/IEasyBookC/products/entry',
      belongProjectPath: '/Users/ccccc/harmonyProjests/IEasyBookC'
    },
    '/Users/ccccc/harmonyProjests/IEasyBookC/commons/commonlib/src/main': {
      moduleName: 'commonlib',
      modulePkgPath: '/Users/ccccc/harmonyProjests/IEasyBookC/commons/commonlib',
      belongProjectPath: '/Users/ccccc/harmonyProjests/IEasyBookC'
    },
    '/Users/ccccc/harmonyProjests/IEasyBookC/commons/commonlib/build/default/intermediates/src/ohosTest/ets': {
      moduleName: 'commonlib_test',
      modulePkgPath: '/Users/ccccc/harmonyProjests/IEasyBookC/commons/commonlib',
      belongProjectPath: '/Users/ccccc/harmonyProjests/IEasyBookC'
    },
    '/Users/ccccc/harmonyProjests/IEasyBookC/commons/commonlib/src/ohosTest': {
      moduleName: 'commonlib_test',
      modulePkgPath: '/Users/ccccc/harmonyProjests/IEasyBookC/commons/commonlib',
      belongProjectPath: '/Users/ccccc/harmonyProjests/IEasyBookC'
    },
    '/Users/ccccc/harmonyProjests/IEasyBookC/commons/commonlib': {
      moduleName: 'commonlib',
      modulePkgPath: '/Users/ccccc/harmonyProjests/IEasyBookC/commons/commonlib',
      belongProjectPath: '/Users/ccccc/harmonyProjests/IEasyBookC'
    },
    '/Users/ccccc/harmonyProjests/IEasyBookC': {
      moduleName: 'IEasyBookC',
      modulePkgPath: '/Users/ccccc/harmonyProjests/IEasyBookC',
      belongProjectPath: '/Users/ccccc/harmonyProjests/IEasyBookC'
    }
  },
  pkgJsonFileHash: '7a5c695aa5a11c5a5568d0149c5d9a8d2ab5a5e4bb261f284ef1caf8ac8b0816',
  allModulePaths: [
    '/Users/ccccc/harmonyProjests/IEasyBookC/products/entry',
    '/Users/ccccc/harmonyProjests/IEasyBookC/commons/commonlib'
  ],
  routerMap: {},
  obfuscationOptions: undefined,
  byteCodeHarToDependencyKeys: undefined,
  compileBlockPkg: [],
  mockParams: {
    decorator: '@MockSetup',
    packageName: '@ohos/hamock',
    etsSourceRootPath: 'src/main/ets',
    mockConfigPath: '/Users/ccccc/harmonyProjests/IEasyBookC/products/entry/src/mock/mock-config.json5',
    mockConfigKey2ModuleInfo: {},
    source2ModuleIdMap: {}
  },
  copyCodeResourceEnable: false,
  copyCodeResourceExcludes: [],
  copyCodeResourceIncludes: undefined,
  uiTransformOptimization: false,
  sdkPath: '/Applications/DevEco-Studio.app/Contents/sdk',
  needPreloadSoFileSet: {},
  preloadSoFilePath: '/Users/ccccc/harmonyProjests/IEasyBookC/products/entry/build/default/intermediates/preload/default/preload.json',
  useSourceHash: false,
  localModuleParamMap: {},
  otherPaths: {
    'commonlib/*': [
      '../../../../../commons/commonlib/src/main/*',
      '../../../../../commons/commonlib/build/default/generated/profile/default/*'
    ],
    'entry/*': [ '../*', '../../../build/default/generated/profile/default/*' ]
  },
  collectImportersConfig: undefined
}
[2026-02-28T17:42:57.922] [DEBUG] debug-file - Compile arkts with external api path: /Applications/DevEco-Studio.app/Contents/sdk/default/hms/ets
[2026-02-28T17:42:57.922] [DEBUG] debug-file - default@CompileArkTS work[39] is submitted.
[2026-02-28T17:42:57.922] [DEBUG] debug-file - default@CompileArkTS work[39] is pushed to ready queue.
[2026-02-28T17:42:57.922] [DEBUG] debug-file - default@CompileArkTS work[39] is not dispatched.
[2026-02-28T17:42:57.922] [DEBUG] debug-file - entry : default@CompileArkTS cost memory 1.2549819946289062
[2026-02-28T17:42:57.923] [DEBUG] debug-file - Executing task :entry:default@BuildJS
[2026-02-28T17:42:57.923] [DEBUG] debug-file - Task 'entry:default@BuildJS' cost while wrapping incremental declarations: 1 ms 
[2026-02-28T17:42:57.923] [DEBUG] debug-file - entry : default@BuildJS cost memory 0.1331787109375
[2026-02-28T17:42:57.923] [DEBUG] debug-file - runTaskFromQueue task cost before running: 471 ms 
[2026-02-28T17:42:57.923] [INFO] debug-file - Finished :entry:default@BuildJS... after 1 ms 
[2026-02-28T17:42:57.923] [DEBUG] debug-file - Executing task :entry:default@ProcessLibs
[2026-02-28T17:42:57.924] [DEBUG] debug-file - entry:default@ProcessLibs is not up-to-date, since the input file '/Users/ccccc/harmonyProjests/IEasyBookC/commons/commonlib/build/default/intermediates/libs/default' has been changed.
[2026-02-28T17:42:57.924] [DEBUG] debug-file - Incremental task entry:default@ProcessLibs pre-execution cost: 1 ms .
[2026-02-28T17:42:57.924] [DEBUG] debug-file - Worker dispatch failed, running processLibs on main thread.
[2026-02-28T17:42:57.925] [DEBUG] debug-file - entry : default@ProcessLibs cost memory 0.4025115966796875
[2026-02-28T17:42:57.925] [DEBUG] debug-file - runTaskFromQueue task cost before running: 473 ms 
[2026-02-28T17:42:57.925] [INFO] debug-file - Finished :entry:default@ProcessLibs... after 2 ms 
[2026-02-28T17:42:57.925] [DEBUG] debug-file - Executing task :entry:default@DoNativeStrip
[2026-02-28T17:42:57.925] [DEBUG] debug-file - Task 'entry:default@DoNativeStrip' cost while wrapping incremental declarations: 1 ms 
[2026-02-28T17:42:57.925] [DEBUG] debug-file - Incremental task entry:default@DoNativeStrip pre-execution cost: 1 ms .
[2026-02-28T17:42:57.925] [DEBUG] debug-file - entry : default@DoNativeStrip cost memory 0.05715179443359375
[2026-02-28T17:42:57.925] [INFO] debug-file - UP-TO-DATE :entry:default@DoNativeStrip...  
[2026-02-28T17:42:57.925] [DEBUG] debug-file - Executing task :entry:default@CacheNativeLibs
[2026-02-28T17:42:57.925] [DEBUG] debug-file - Task 'entry:default@CacheNativeLibs' cost while wrapping incremental declarations: 1 ms 
[2026-02-28T17:42:57.925] [DEBUG] debug-file - Incremental task entry:default@CacheNativeLibs pre-execution cost: 1 ms .
[2026-02-28T17:42:57.925] [DEBUG] debug-file - entry : default@CacheNativeLibs cost memory 0.06316375732421875
[2026-02-28T17:42:57.926] [INFO] debug-file - UP-TO-DATE :entry:default@CacheNativeLibs...  
[2026-02-28T17:42:58.426] [DEBUG] debug-file - A work dispatched to worker[10] failed because unable to get work from ready queue.
[2026-02-28T17:42:58.426] [DEBUG] debug-file - A work dispatched to worker[9] failed because unable to get work from ready queue.
[2026-02-28T17:42:58.426] [DEBUG] debug-file - A work dispatched to worker[8] failed because unable to get work from ready queue.
[2026-02-28T17:42:58.426] [DEBUG] debug-file - A work dispatched to worker[7] failed because unable to get work from ready queue.
[2026-02-28T17:42:58.426] [DEBUG] debug-file - A work dispatched to worker[6] failed because unable to get work from ready queue.
[2026-02-28T17:42:58.426] [DEBUG] debug-file - A work dispatched to worker[5] failed because unable to get work from ready queue.
[2026-02-28T17:42:58.427] [DEBUG] debug-file - default@CompileArkTS work[39] has been dispatched to worker[4].
[2026-02-28T17:42:59.418] [DEBUG] debug-file - worker[4] has one work done.
[2026-02-28T17:42:59.418] [DEBUG] debug-file - default@CompileArkTS work[39] done.
[2026-02-28T17:42:59.419] [INFO] debug-file - Finished :entry:default@CompileArkTS... after 984 ms 
[2026-02-28T17:42:59.419] [DEBUG] debug-file - Executing task :entry:default@GeneratePkgModuleJson
[2026-02-28T17:42:59.419] [DEBUG] debug-file - File: '/Users/ccccc/harmonyProjests/IEasyBookC/products/entry/build/default/intermediates/preload/default/preload.json' from 'preloadSoJsonPath' is not exists, just ignore.
[2026-02-28T17:42:59.419] [DEBUG] debug-file - Error occurs while handling @Input 'shouldDeduplicateHar': The "data" argument must be of type string or an instance of Buffer, TypedArray, or DataView. Received undefined
[2026-02-28T17:42:59.419] [DEBUG] debug-file - Task 'entry:default@GeneratePkgModuleJson' cost while wrapping incremental declarations: 1 ms 
[2026-02-28T17:42:59.419] [DEBUG] debug-file - entry:default@GeneratePkgModuleJson is not up-to-date, since the input file '/Users/ccccc/harmonyProjests/IEasyBookC/products/entry/build/default/intermediates/res/default/module.json' has been changed.
[2026-02-28T17:42:59.419] [DEBUG] debug-file - Incremental task entry:default@GeneratePkgModuleJson pre-execution cost: 1 ms .
[2026-02-28T17:42:59.420] [DEBUG] debug-file - entry : default@GeneratePkgModuleJson cost memory 0.16849517822265625
[2026-02-28T17:42:59.420] [DEBUG] debug-file - runTaskFromQueue task cost before running: 1 s 968 ms 
[2026-02-28T17:42:59.420] [INFO] debug-file - Finished :entry:default@GeneratePkgModuleJson... after 1 ms 
[2026-02-28T17:42:59.420] [DEBUG] debug-file - Executing task :entry:default@ProcessCompiledResources
[2026-02-28T17:42:59.420] [DEBUG] debug-file - File: '/Users/ccccc/harmonyProjests/IEasyBookC/products/entry/build/default/intermediates/preload/default/preload.json' from 'preloadSoJsonPath' is not exists, just ignore.
[2026-02-28T17:42:59.420] [DEBUG] debug-file - Task 'entry:default@ProcessCompiledResources' cost while wrapping incremental declarations: 1 ms 
[2026-02-28T17:42:59.420] [DEBUG] debug-file - entry : default@ProcessCompiledResources cost memory 0.0538177490234375
[2026-02-28T17:42:59.420] [DEBUG] debug-file - runTaskFromQueue task cost before running: 1 s 968 ms 
[2026-02-28T17:42:59.420] [INFO] debug-file - Finished :entry:default@ProcessCompiledResources... after 1 ms 
[2026-02-28T17:42:59.421] [DEBUG] debug-file - Executing task :entry:default@PackageHap
[2026-02-28T17:42:59.421] [DEBUG] debug-file - entry:default@PackageHap is not up-to-date, since the input file '/Users/ccccc/harmonyProjests/IEasyBookC/products/entry/build/default/intermediates/res/default/module.json' has been changed.
[2026-02-28T17:42:59.421] [DEBUG] debug-file - Incremental task entry:default@PackageHap pre-execution cost: 1 ms .
[2026-02-28T17:42:59.421] [DEBUG] debug-file - Use tool [/Applications/DevEco-Studio.app/Contents/sdk/default/openharmony/toolchains/lib/app_packing_tool.jar]
 [
  'java',
  '-Dfile.encoding=utf-8',
  '-jar',
  '/Applications/DevEco-Studio.app/Contents/sdk/default/openharmony/toolchains/lib/app_packing_tool.jar',
  '--mode',
  'hap',
  '--force',
  'true',
  '--lib-path',
  '/Users/ccccc/harmonyProjests/IEasyBookC/products/entry/build/default/intermediates/stripped_native_libs/default',
  '--json-path',
  '/Users/ccccc/harmonyProjests/IEasyBookC/products/entry/build/default/intermediates/package/default/module.json',
  '--resources-path',
  '/Users/ccccc/harmonyProjests/IEasyBookC/products/entry/build/default/intermediates/res/default/resources',
  '--index-path',
  '/Users/ccccc/harmonyProjests/IEasyBookC/products/entry/build/default/intermediates/res/default/resources.index',
  '--pack-info-path',
  '/Users/ccccc/harmonyProjests/IEasyBookC/products/entry/build/default/outputs/default/pack.info',
  '--out-path',
  '/Users/ccccc/harmonyProjests/IEasyBookC/products/entry/build/default/outputs/default/entry-default-unsigned.hap',
  '--ets-path',
  '/Users/ccccc/harmonyProjests/IEasyBookC/products/entry/build/default/intermediates/loader_out/default/ets',
  '--pkg-context-path',
  '/Users/ccccc/harmonyProjests/IEasyBookC/products/entry/build/default/intermediates/loader/default/pkgContextInfo.json'
]
[2026-02-28T17:42:59.477] [DEBUG] debug-file - java daemon socket received message:{"code":0,"message":"pack success"}
[2026-02-28T17:42:59.478] [DEBUG] debug-file - entry : default@PackageHap cost memory 0.44997406005859375
[2026-02-28T17:42:59.478] [DEBUG] debug-file - runTaskFromQueue task cost before running: 2 s 26 ms 
[2026-02-28T17:42:59.478] [INFO] debug-file - Finished :entry:default@PackageHap... after 58 ms 
[2026-02-28T17:42:59.478] [DEBUG] debug-file - Executing task :entry:default@PackingCheck
[2026-02-28T17:42:59.480] [DEBUG] debug-file - entry : default@PackingCheck cost memory 0.3453369140625
[2026-02-28T17:42:59.480] [DEBUG] debug-file - runTaskFromQueue task cost before running: 2 s 29 ms 
[2026-02-28T17:42:59.481] [INFO] debug-file - Finished :entry:default@PackingCheck... after 3 ms 
[2026-02-28T17:42:59.481] [DEBUG] debug-file - Executing task :entry:default@SignHap
[2026-02-28T17:42:59.481] [WARN] debug-file - Will skip sign 'hos_hap'. No signingConfigs profile is configured in current project.
             If needed, configure the signingConfigs in /Users/ccccc/harmonyProjests/IEasyBookC/build-profile.json5.
[2026-02-28T17:42:59.481] [DEBUG] debug-file - entry:default@SignHap is not up-to-date, since the input file '/Users/ccccc/harmonyProjests/IEasyBookC/products/entry/build/default/outputs/default/entry-default-unsigned.hap' has been changed.
[2026-02-28T17:42:59.481] [DEBUG] debug-file - Incremental task entry:default@SignHap pre-execution cost: 1 ms .
[2026-02-28T17:42:59.481] [DEBUG] debug-file - entry : default@SignHap cost memory 0.086761474609375
[2026-02-28T17:42:59.481] [DEBUG] debug-file - runTaskFromQueue task cost before running: 2 s 30 ms 
[2026-02-28T17:42:59.481] [INFO] debug-file - Finished :entry:default@SignHap... after 1 ms 
[2026-02-28T17:42:59.482] [DEBUG] debug-file - Executing task :entry:default@CollectDebugSymbol
[2026-02-28T17:42:59.482] [DEBUG] debug-file - entry : default@CollectDebugSymbol cost memory 0.08635711669921875
[2026-02-28T17:42:59.482] [DEBUG] debug-file - runTaskFromQueue task cost before running: 2 s 30 ms 
[2026-02-28T17:42:59.482] [INFO] debug-file - Finished :entry:default@CollectDebugSymbol... after 1 ms 
[2026-02-28T17:42:59.482] [DEBUG] debug-file - Executing task :entry:assembleHap
[2026-02-28T17:42:59.482] [DEBUG] debug-file - entry : assembleHap cost memory 0.01377105712890625
[2026-02-28T17:42:59.482] [DEBUG] debug-file - runTaskFromQueue task cost before running: 2 s 30 ms 
[2026-02-28T17:42:59.482] [INFO] debug-file - Finished :entry:assembleHap... after 1 ms 
[2026-02-28T17:42:59.482] [INFO] debug-file - BUILD SUCCESSFUL in 2 s 31 ms 
[2026-02-28T17:42:59.483] [DEBUG] debug-file - Update task entry:default@PreBuild input file:/Users/ccccc/harmonyProjests/IEasyBookC/AppScope/app.json5 cache by regenerate.
[2026-02-28T17:42:59.483] [DEBUG] debug-file - Update task entry:default@PreBuild input file:/Users/ccccc/harmonyProjests/IEasyBookC/products/entry/src/main/module.json5 cache by regenerate.
[2026-02-28T17:42:59.483] [DEBUG] debug-file - Update task entry:default@PreBuild input file:/Users/ccccc/harmonyProjests/IEasyBookC/build-profile.json5 cache from map.
[2026-02-28T17:42:59.483] [DEBUG] debug-file - Update task entry:default@PreBuild input file:/Users/ccccc/harmonyProjests/IEasyBookC/products/entry/build-profile.json5 cache by regenerate.
[2026-02-28T17:42:59.483] [DEBUG] debug-file - Update task entry:default@PreBuild input file:/Users/ccccc/harmonyProjests/IEasyBookC/products/entry/src/main/resources/base/profile/main_pages.json cache by regenerate.
[2026-02-28T17:42:59.483] [DEBUG] debug-file - Update task entry:default@PreBuild input file:/Users/ccccc/harmonyProjests/IEasyBookC/hvigor/hvigor-config.json5 cache by regenerate.
[2026-02-28T17:42:59.483] [DEBUG] debug-file - Update task entry:default@PreBuild input file:/Users/ccccc/harmonyProjests/IEasyBookC/products/entry/src/mock/mock-config.json5 cache by regenerate.
[2026-02-28T17:42:59.483] [DEBUG] debug-file - Update task entry:default@PreBuild input file:/Users/ccccc/harmonyProjests/IEasyBookC/products/entry/oh-package.json5 cache by regenerate.
[2026-02-28T17:42:59.483] [DEBUG] debug-file - Update task entry:default@PreBuild input file:/Users/ccccc/harmonyProjests/IEasyBookC/oh-package.json5 cache by regenerate.
[2026-02-28T17:42:59.483] [DEBUG] debug-file - Incremental task entry:default@PreBuild post-execution cost:1 ms .
[2026-02-28T17:42:59.483] [DEBUG] debug-file - Update task commonlib:default@PreBuild input file:/Users/ccccc/harmonyProjests/IEasyBookC/AppScope/app.json5 cache by regenerate.
[2026-02-28T17:42:59.483] [DEBUG] debug-file - Update task commonlib:default@PreBuild input file:/Users/ccccc/harmonyProjests/IEasyBookC/commons/commonlib/src/main/module.json5 cache by regenerate.
[2026-02-28T17:42:59.483] [DEBUG] debug-file - Update task commonlib:default@PreBuild input file:/Users/ccccc/harmonyProjests/IEasyBookC/build-profile.json5 cache by regenerate.
[2026-02-28T17:42:59.483] [DEBUG] debug-file - Update task commonlib:default@PreBuild input file:/Users/ccccc/harmonyProjests/IEasyBookC/commons/commonlib/build-profile.json5 cache by regenerate.
[2026-02-28T17:42:59.483] [DEBUG] debug-file - Update task commonlib:default@PreBuild input file:/Users/ccccc/harmonyProjests/IEasyBookC/commons/commonlib/src/main/resources/base/profile/router_map.json cache by regenerate.
[2026-02-28T17:42:59.483] [DEBUG] debug-file - Update task commonlib:default@PreBuild input file:/Users/ccccc/harmonyProjests/IEasyBookC/hvigor/hvigor-config.json5 cache by regenerate.
[2026-02-28T17:42:59.483] [DEBUG] debug-file - Update task commonlib:default@PreBuild input file:/Users/ccccc/harmonyProjests/IEasyBookC/commons/commonlib/oh-package.json5 cache by regenerate.
[2026-02-28T17:42:59.483] [DEBUG] debug-file - Update task commonlib:default@PreBuild input file:/Users/ccccc/harmonyProjests/IEasyBookC/oh-package.json5 cache by regenerate.
[2026-02-28T17:42:59.483] [DEBUG] debug-file - Incremental task commonlib:default@PreBuild post-execution cost:1 ms .
[2026-02-28T17:42:59.483] [DEBUG] debug-file - Update task entry:default@CreateModuleInfo output file:/Users/ccccc/harmonyProjests/IEasyBookC/products/entry/build/default/generated/profile/default/ModuleInfo.ts cache.
[2026-02-28T17:42:59.483] [DEBUG] debug-file - Incremental task entry:default@CreateModuleInfo post-execution cost:1 ms .
[2026-02-28T17:42:59.483] [DEBUG] debug-file - There is no need to refresh cache, since the incremental task entry:default@GenerateMetadata is up-to-date.
[2026-02-28T17:42:59.483] [DEBUG] debug-file - Update task entry:default@GeneratePkgContextInfo output file:/Users/ccccc/harmonyProjests/IEasyBookC/products/entry/build/default/intermediates/loader/default/pkgContextInfo.json cache.
[2026-02-28T17:42:59.483] [DEBUG] debug-file - Incremental task entry:default@GeneratePkgContextInfo post-execution cost:1 ms .
[2026-02-28T17:42:59.483] [DEBUG] debug-file - Update task entry:default@ProcessIntegratedHsp output file:/Users/ccccc/harmonyProjests/IEasyBookC/build/cache/default/integrated_hsp/integratedHspCache.json cache.
[2026-02-28T17:42:59.483] [DEBUG] debug-file - Incremental task entry:default@ProcessIntegratedHsp post-execution cost:1 ms .
[2026-02-28T17:42:59.483] [DEBUG] debug-file - Update task commonlib:default@CreateHarBuildProfile input file:/Users/ccccc/harmonyProjests/IEasyBookC/AppScope/app.json5 cache by regenerate.
[2026-02-28T17:42:59.483] [DEBUG] debug-file - Update task commonlib:default@CreateHarBuildProfile input file:/Users/ccccc/harmonyProjests/IEasyBookC/build-profile.json5 cache by regenerate.
[2026-02-28T17:42:59.483] [DEBUG] debug-file - Update task commonlib:default@CreateHarBuildProfile output file:/Users/ccccc/harmonyProjests/IEasyBookC/commons/commonlib/BuildProfile.ets cache.
[2026-02-28T17:42:59.483] [DEBUG] debug-file - Incremental task commonlib:default@CreateHarBuildProfile post-execution cost:1 ms .
[2026-02-28T17:42:59.483] [DEBUG] debug-file - Update task commonlib:default@MergeProfile input file:/Users/ccccc/harmonyProjests/IEasyBookC/AppScope/app.json5 cache by regenerate.
[2026-02-28T17:42:59.483] [DEBUG] debug-file - Update task commonlib:default@MergeProfile input file:/Users/ccccc/harmonyProjests/IEasyBookC/build-profile.json5 cache by regenerate.
[2026-02-28T17:42:59.483] [DEBUG] debug-file - Update task commonlib:default@MergeProfile input file:/Users/ccccc/harmonyProjests/IEasyBookC/commons/commonlib/src/main/module.json5 cache by regenerate.
[2026-02-28T17:42:59.483] [DEBUG] debug-file - Update task commonlib:default@MergeProfile output file:/Users/ccccc/harmonyProjests/IEasyBookC/commons/commonlib/build/default/intermediates/merge_profile/default/module.json cache.
[2026-02-28T17:42:59.484] [DEBUG] debug-file - Incremental task commonlib:default@MergeProfile post-execution cost:1 ms .
[2026-02-28T17:42:59.484] [DEBUG] debug-file - Update task entry:default@SyscapTransform input file:/Applications/DevEco-Studio.app/Contents/sdk/default/openharmony/toolchains/syscap_tool cache by regenerate.
[2026-02-28T17:42:59.484] [DEBUG] debug-file - Update task entry:default@SyscapTransform input file:/Applications/DevEco-Studio.app/Contents/sdk/default/openharmony/ets/api/device-define cache by regenerate.
[2026-02-28T17:42:59.484] [DEBUG] debug-file - Update task entry:default@SyscapTransform output file:/Users/ccccc/harmonyProjests/IEasyBookC/products/entry/build/default/intermediates/syscap/default/rpcid.sc cache.
[2026-02-28T17:42:59.484] [DEBUG] debug-file - Incremental task entry:default@SyscapTransform post-execution cost:1 ms .
[2026-02-28T17:42:59.484] [DEBUG] debug-file - Update task entry:default@ProcessRouterMap input file:/Users/ccccc/harmonyProjests/IEasyBookC/products/entry/oh-package.json5 cache from map.
[2026-02-28T17:42:59.484] [DEBUG] debug-file - Update task entry:default@ProcessRouterMap input file:/Users/ccccc/harmonyProjests/IEasyBookC/oh-package.json5 cache by regenerate.
[2026-02-28T17:42:59.484] [DEBUG] debug-file - Update task entry:default@ProcessRouterMap input file:/Users/ccccc/harmonyProjests/IEasyBookC/products/entry/src/main/module.json5 cache by regenerate.
[2026-02-28T17:42:59.484] [DEBUG] debug-file - Update task entry:default@ProcessRouterMap input file:/Users/ccccc/harmonyProjests/IEasyBookC/products/entry/build/default/intermediates/loader/default/pkgContextInfo.json cache by regenerate.
[2026-02-28T17:42:59.484] [DEBUG] debug-file - Update task entry:default@ProcessRouterMap output file:/Users/ccccc/harmonyProjests/IEasyBookC/products/entry/build/default/intermediates/router_map/default/temp-router-map.json cache.
[2026-02-28T17:42:59.484] [DEBUG] debug-file - Update task entry:default@ProcessRouterMap output file:/Users/ccccc/harmonyProjests/IEasyBookC/products/entry/build/default/intermediates/router_map/default/loader-router-map.json cache.
[2026-02-28T17:42:59.484] [DEBUG] debug-file - Incremental task entry:default@ProcessRouterMap post-execution cost:1 ms .
[2026-02-28T17:42:59.484] [DEBUG] debug-file - Update task entry:default@ProcessShareConfig input file:/Users/ccccc/harmonyProjests/IEasyBookC/products/entry/oh-package.json5 cache from map.
[2026-02-28T17:42:59.484] [DEBUG] debug-file - Update task entry:default@ProcessShareConfig input file:/Users/ccccc/harmonyProjests/IEasyBookC/oh-package.json5 cache by regenerate.
[2026-02-28T17:42:59.484] [DEBUG] debug-file - Update task entry:default@ProcessShareConfig input file:/Users/ccccc/harmonyProjests/IEasyBookC/products/entry/src/main/module.json5 cache by regenerate.
[2026-02-28T17:42:59.484] [DEBUG] debug-file - Update task entry:default@ProcessShareConfig input file:/Users/ccccc/harmonyProjests/IEasyBookC/products/entry/build/default/intermediates/loader/default/pkgContextInfo.json cache by regenerate.
[2026-02-28T17:42:59.484] [DEBUG] debug-file - Update task entry:default@ProcessShareConfig output file:/Users/ccccc/harmonyProjests/IEasyBookC/products/entry/build/default/intermediates/share_config/default/temp-share-config.json cache.
[2026-02-28T17:42:59.484] [DEBUG] debug-file - Incremental task entry:default@ProcessShareConfig post-execution cost:1 ms .
[2026-02-28T17:42:59.484] [DEBUG] debug-file - Update task entry:default@ProcessStartupConfig input file:/Users/ccccc/harmonyProjests/IEasyBookC/products/entry/build/default/intermediates/loader/default/pkgContextInfo.json cache from map.
[2026-02-28T17:42:59.484] [DEBUG] debug-file - Update task entry:default@ProcessStartupConfig output file:/Users/ccccc/harmonyProjests/IEasyBookC/products/entry/build/default/intermediates/startup/default/startup_config.json cache.
[2026-02-28T17:42:59.484] [DEBUG] debug-file - Incremental task entry:default@ProcessStartupConfig post-execution cost:1 ms .
[2026-02-28T17:42:59.484] [DEBUG] debug-file - Update task entry:default@CreateBuildProfile input file:/Users/ccccc/harmonyProjests/IEasyBookC/AppScope/app.json5 cache by regenerate.
[2026-02-28T17:42:59.484] [DEBUG] debug-file - Update task entry:default@CreateBuildProfile input file:/Users/ccccc/harmonyProjests/IEasyBookC/build-profile.json5 cache from map.
[2026-02-28T17:42:59.484] [DEBUG] debug-file - Update task entry:default@CreateBuildProfile output file:/Users/ccccc/harmonyProjests/IEasyBookC/products/entry/build/default/generated/profile/default/BuildProfile.ets cache.
[2026-02-28T17:42:59.484] [DEBUG] debug-file - Incremental task entry:default@CreateBuildProfile post-execution cost:1 ms .
[2026-02-28T17:42:59.484] [DEBUG] debug-file - Update task entry:default@MergeProfile input file:/Users/ccccc/harmonyProjests/IEasyBookC/AppScope/app.json5 cache by regenerate.
[2026-02-28T17:42:59.484] [DEBUG] debug-file - Update task entry:default@MergeProfile input file:/Users/ccccc/harmonyProjests/IEasyBookC/build-profile.json5 cache from map.
[2026-02-28T17:42:59.484] [DEBUG] debug-file - Update task entry:default@MergeProfile input file:/Users/ccccc/harmonyProjests/IEasyBookC/products/entry/src/main/module.json5 cache by regenerate.
[2026-02-28T17:42:59.484] [DEBUG] debug-file - Update task entry:default@MergeProfile input file:/Users/ccccc/harmonyProjests/IEasyBookC/commons/commonlib/build/default/intermediates/merge_profile/default/module.json cache by regenerate.
[2026-02-28T17:42:59.484] [DEBUG] debug-file - Update task entry:default@MergeProfile output file:/Users/ccccc/harmonyProjests/IEasyBookC/products/entry/build/default/intermediates/merge_profile/default/module.json cache.
[2026-02-28T17:42:59.485] [DEBUG] debug-file - Incremental task entry:default@MergeProfile post-execution cost:1 ms .
[2026-02-28T17:42:59.485] [DEBUG] debug-file - Obtain build option for module 'commonlib' target 'default'in this build.
[2026-02-28T17:42:59.485] [DEBUG] debug-file - Update task entry:default@GenerateLoaderJson input file:/Users/ccccc/harmonyProjests/IEasyBookC/products/entry/src/mock/mock-config.json5 cache by regenerate.
[2026-02-28T17:42:59.485] [DEBUG] debug-file - Update task entry:default@GenerateLoaderJson input file:/Users/ccccc/harmonyProjests/IEasyBookC/products/entry/build/default/intermediates/loader/default/pkgContextInfo.json cache from map.
[2026-02-28T17:42:59.485] [DEBUG] debug-file - Update task entry:default@GenerateLoaderJson input file:/Users/ccccc/harmonyProjests/IEasyBookC/products/entry/build/default/intermediates/router_map/default/loader-router-map.json cache by regenerate.
[2026-02-28T17:42:59.485] [DEBUG] debug-file - Update task entry:default@GenerateLoaderJson input file:/Users/ccccc/harmonyProjests/IEasyBookC/products/entry/build/default/intermediates/router_map/default/temp-router-map.json cache by regenerate.
[2026-02-28T17:42:59.485] [DEBUG] debug-file - Update task entry:default@GenerateLoaderJson output file:/Users/ccccc/harmonyProjests/IEasyBookC/products/entry/build/default/intermediates/loader/default/loader.json cache.
[2026-02-28T17:42:59.485] [DEBUG] debug-file - Incremental task entry:default@GenerateLoaderJson post-execution cost:1 ms .
[2026-02-28T17:42:59.485] [DEBUG] debug-file - Update task entry:default@MakePackInfo input file:/Users/ccccc/harmonyProjests/IEasyBookC/AppScope/app.json5 cache by regenerate.
[2026-02-28T17:42:59.485] [DEBUG] debug-file - Update task entry:default@MakePackInfo input file:/Users/ccccc/harmonyProjests/IEasyBookC/products/entry/src/main/module.json5 cache by regenerate.
[2026-02-28T17:42:59.485] [DEBUG] debug-file - Update task entry:default@MakePackInfo input file:/Users/ccccc/harmonyProjests/IEasyBookC/build-profile.json5 cache from map.
[2026-02-28T17:42:59.485] [DEBUG] debug-file - Update task entry:default@MakePackInfo input file:/Users/ccccc/harmonyProjests/IEasyBookC/products/entry/src/main/resources/base/profile/backup_config.json cache by regenerate.
[2026-02-28T17:42:59.485] [DEBUG] debug-file - Update task entry:default@MakePackInfo output file:/Users/ccccc/harmonyProjests/IEasyBookC/products/entry/build/default/outputs/default/pack.info cache.
[2026-02-28T17:42:59.485] [DEBUG] debug-file - Incremental task entry:default@MakePackInfo post-execution cost:1 ms .
[2026-02-28T17:42:59.485] [DEBUG] debug-file - Update task entry:default@ProcessProfile input file:/Users/ccccc/harmonyProjests/IEasyBookC/products/entry/build/default/intermediates/merge_profile/default/module.json cache from map.
[2026-02-28T17:42:59.485] [DEBUG] debug-file - Update task entry:default@ProcessProfile output file:/Users/ccccc/harmonyProjests/IEasyBookC/products/entry/build/default/intermediates/process_profile/default/module.json cache.
[2026-02-28T17:42:59.485] [DEBUG] debug-file - Incremental task entry:default@ProcessProfile post-execution cost:1 ms .
[2026-02-28T17:42:59.485] [DEBUG] debug-file - Update task commonlib:default@ProcessLibs input file:/Users/ccccc/harmonyProjests/IEasyBookC/build-profile.json5 cache by regenerate.
[2026-02-28T17:42:59.485] [DEBUG] debug-file - Update task commonlib:default@ProcessLibs input file:/Users/ccccc/harmonyProjests/IEasyBookC/commons/commonlib/build-profile.json5 cache by regenerate.
[2026-02-28T17:42:59.485] [DEBUG] debug-file - Update task commonlib:default@ProcessLibs output file:/Users/ccccc/harmonyProjests/IEasyBookC/commons/commonlib/build/default/intermediates/libs/default cache.
[2026-02-28T17:42:59.486] [DEBUG] debug-file - Incremental task commonlib:default@ProcessLibs post-execution cost:1 ms .
[2026-02-28T17:42:59.486] [DEBUG] debug-file - Update task entry:default@ProcessResource output file:/Users/ccccc/harmonyProjests/IEasyBookC/products/entry/build/default/intermediates/res/default/resConfig.json cache.
[2026-02-28T17:42:59.486] [DEBUG] debug-file - Update task entry:default@ProcessResource output file:/Users/ccccc/harmonyProjests/IEasyBookC/products/entry/build/default/intermediates/res/default/opt-compression.json cache.
[2026-02-28T17:42:59.486] [DEBUG] debug-file - Incremental task entry:default@ProcessResource post-execution cost:1 ms .
[2026-02-28T17:42:59.486] [DEBUG] debug-file - Update task commonlib:default@DoNativeStrip input file:/Users/ccccc/harmonyProjests/IEasyBookC/commons/commonlib/build/default/intermediates/libs/default cache by regenerate.
[2026-02-28T17:42:59.486] [DEBUG] debug-file - Update task commonlib:default@DoNativeStrip output file:/Users/ccccc/harmonyProjests/IEasyBookC/commons/commonlib/build/default/intermediates/stripped_native_libs/default cache.
[2026-02-28T17:42:59.486] [DEBUG] debug-file - Incremental task commonlib:default@DoNativeStrip post-execution cost:1 ms .
[2026-02-28T17:42:59.486] [DEBUG] debug-file - Update task entry:default@CompileResource input file:/Users/ccccc/harmonyProjests/IEasyBookC/products/entry/src/main/resources cache by regenerate.
[2026-02-28T17:42:59.486] [DEBUG] debug-file - Update task entry:default@CompileResource input file:/Users/ccccc/harmonyProjests/IEasyBookC/commons/commonlib/src/main/resources cache from map.
[2026-02-28T17:42:59.486] [DEBUG] debug-file - Update task entry:default@CompileResource input file:/Users/ccccc/harmonyProjests/IEasyBookC/AppScope/resources cache by regenerate.
[2026-02-28T17:42:59.487] [DEBUG] debug-file - Update task entry:default@CompileResource input file:/Users/ccccc/harmonyProjests/IEasyBookC/products/entry/build/default/intermediates/process_profile/default/module.json cache by regenerate.
[2026-02-28T17:42:59.487] [DEBUG] debug-file - Update task entry:default@CompileResource input file:/Users/ccccc/harmonyProjests/IEasyBookC/products/entry/build/default/intermediates/router_map/default/temp-router-map.json cache by regenerate.
[2026-02-28T17:42:59.487] [DEBUG] debug-file - Update task entry:default@CompileResource input file:/Users/ccccc/harmonyProjests/IEasyBookC/products/entry/build/default/intermediates/res/default/resConfig.json cache by regenerate.
[2026-02-28T17:42:59.487] [DEBUG] debug-file - Update task entry:default@CompileResource output file:/Users/ccccc/harmonyProjests/IEasyBookC/products/entry/build/default/intermediates/res/default cache.
[2026-02-28T17:42:59.487] [DEBUG] debug-file - Update task entry:default@CompileResource output file:/Users/ccccc/harmonyProjests/IEasyBookC/products/entry/build/default/generated/r/default/ResourceTable.h cache.
[2026-02-28T17:42:59.487] [DEBUG] debug-file - Update task entry:default@CompileResource output file:/Users/ccccc/harmonyProjests/IEasyBookC/products/entry/build/default/generated/r/default cache.
[2026-02-28T17:42:59.487] [DEBUG] debug-file - Incremental task entry:default@CompileResource post-execution cost:2 ms .
[2026-02-28T17:42:59.488] [DEBUG] debug-file - Update task entry:default@CompileArkTS input file:/Users/ccccc/harmonyProjests/IEasyBookC/products/entry/build/default/intermediates/loader/default cache from map.
[2026-02-28T17:42:59.488] [DEBUG] debug-file - Update task entry:default@CompileArkTS input file:/Users/ccccc/harmonyProjests/IEasyBookC/commons/commonlib/Index.ets cache by regenerate.
[2026-02-28T17:42:59.488] [DEBUG] debug-file - Update task entry:default@CompileArkTS input file:/Users/ccccc/harmonyProjests/IEasyBookC/commons/commonlib/src/main/ets cache by regenerate.
[2026-02-28T17:42:59.488] [DEBUG] debug-file - Update task entry:default@CompileArkTS input file:/Users/ccccc/harmonyProjests/IEasyBookC/products/entry/build/default/intermediates/res/default/resources/rawfile cache by regenerate.
[2026-02-28T17:42:59.488] [DEBUG] debug-file - Update task entry:default@CompileArkTS input file:/Users/ccccc/harmonyProjests/IEasyBookC/products/entry/build/default/intermediates/res/default/ResourceTable.txt cache by regenerate.
[2026-02-28T17:42:59.489] [DEBUG] debug-file - Update task entry:default@CompileArkTS input file:/Users/ccccc/harmonyProjests/IEasyBookC/products/entry/build/default/intermediates/res/default/ark_module.json cache by regenerate.
[2026-02-28T17:42:59.489] [DEBUG] debug-file - Update task entry:default@CompileArkTS input file:/Users/ccccc/harmonyProjests/IEasyBookC/products/entry/build/default/intermediates/res/default/resources/base/profile cache by regenerate.
[2026-02-28T17:42:59.489] [DEBUG] debug-file - Update task entry:default@CompileArkTS input file:/Users/ccccc/harmonyProjests/IEasyBookC/products/entry/src/main/ets cache by regenerate.
[2026-02-28T17:42:59.489] [DEBUG] debug-file - Update task entry:default@CompileArkTS input file:/Users/ccccc/harmonyProjests/IEasyBookC/products/entry/build/default/intermediates/loader/default/pkgContextInfo.json cache by regenerate.
[2026-02-28T17:42:59.489] [DEBUG] debug-file - Update task entry:default@CompileArkTS input file:/Users/ccccc/harmonyProjests/IEasyBookC/products/entry/build/default/generated/profile/default/BuildProfile.ets cache by regenerate.
[2026-02-28T17:42:59.489] [DEBUG] debug-file - Update task entry:default@CompileArkTS input file:/Users/ccccc/harmonyProjests/IEasyBookC/commons/commonlib/BuildProfile.ets cache by regenerate.
[2026-02-28T17:42:59.489] [DEBUG] debug-file - Update task entry:default@CompileArkTS input file:/Users/ccccc/harmonyProjests/IEasyBookC/products/entry/src/mock/mock-config.json5 cache by regenerate.
[2026-02-28T17:42:59.489] [DEBUG] debug-file - Update task entry:default@CompileArkTS output file:/Users/ccccc/harmonyProjests/IEasyBookC/products/entry/build/default/intermediates/loader_out/default/ets cache.
[2026-02-28T17:42:59.489] [DEBUG] debug-file - Incremental task entry:default@CompileArkTS post-execution cost:2 ms .
[2026-02-28T17:42:59.489] [DEBUG] debug-file - Update task entry:default@BuildJS input file:/Users/ccccc/harmonyProjests/IEasyBookC/products/entry/build/default/intermediates/loader/default cache by regenerate.
[2026-02-28T17:42:59.489] [DEBUG] debug-file - Update task entry:default@BuildJS input file:/Users/ccccc/harmonyProjests/IEasyBookC/commons/commonlib/Index.ets cache by regenerate.
[2026-02-28T17:42:59.489] [DEBUG] debug-file - Update task entry:default@BuildJS input file:/Users/ccccc/harmonyProjests/IEasyBookC/products/entry/build/default/intermediates/res/default/resources/rawfile cache by regenerate.
[2026-02-28T17:42:59.490] [DEBUG] debug-file - Update task entry:default@BuildJS input file:/Users/ccccc/harmonyProjests/IEasyBookC/products/entry/build/default/intermediates/res/default/ResourceTable.txt cache by regenerate.
[2026-02-28T17:42:59.490] [DEBUG] debug-file - Update task entry:default@BuildJS input file:/Users/ccccc/harmonyProjests/IEasyBookC/products/entry/build/default/intermediates/res/default/ark_module.json cache by regenerate.
[2026-02-28T17:42:59.490] [DEBUG] debug-file - Update task entry:default@BuildJS input file:/Users/ccccc/harmonyProjests/IEasyBookC/products/entry/build/default/intermediates/res/default/resources/base/profile cache by regenerate.
[2026-02-28T17:42:59.490] [DEBUG] debug-file - Update task entry:default@BuildJS input file:/Users/ccccc/harmonyProjests/IEasyBookC/products/entry/build/default/intermediates/loader/default/pkgContextInfo.json cache by regenerate.
[2026-02-28T17:42:59.490] [DEBUG] debug-file - Update task entry:default@BuildJS output file:/Users/ccccc/harmonyProjests/IEasyBookC/products/entry/build/default/intermediates/loader_out/default/js cache.
[2026-02-28T17:42:59.490] [DEBUG] debug-file - Incremental task entry:default@BuildJS post-execution cost:1 ms .
[2026-02-28T17:42:59.490] [DEBUG] debug-file - Update task entry:default@ProcessLibs input file:/Users/ccccc/harmonyProjests/IEasyBookC/commons/commonlib/build/default/intermediates/libs/default cache from map.
[2026-02-28T17:42:59.490] [DEBUG] debug-file - Update task entry:default@ProcessLibs input file:/Users/ccccc/harmonyProjests/IEasyBookC/build-profile.json5 cache by regenerate.
[2026-02-28T17:42:59.490] [DEBUG] debug-file - Update task entry:default@ProcessLibs input file:/Users/ccccc/harmonyProjests/IEasyBookC/products/entry/build-profile.json5 cache by regenerate.
[2026-02-28T17:42:59.490] [DEBUG] debug-file - Update task entry:default@ProcessLibs output file:/Users/ccccc/harmonyProjests/IEasyBookC/products/entry/build/default/intermediates/libs/default cache.
[2026-02-28T17:42:59.490] [DEBUG] debug-file - Incremental task entry:default@ProcessLibs post-execution cost:1 ms .
[2026-02-28T17:42:59.490] [DEBUG] debug-file - There is no need to refresh cache, since the incremental task entry:default@DoNativeStrip is up-to-date.
[2026-02-28T17:42:59.490] [DEBUG] debug-file - There is no need to refresh cache, since the incremental task entry:default@CacheNativeLibs is up-to-date.
[2026-02-28T17:42:59.490] [DEBUG] debug-file - Update task entry:default@GeneratePkgModuleJson input file:/Users/ccccc/harmonyProjests/IEasyBookC/products/entry/build/default/intermediates/res/default/module.json cache from map.
[2026-02-28T17:42:59.490] [DEBUG] debug-file - Update task entry:default@GeneratePkgModuleJson output file:/Users/ccccc/harmonyProjests/IEasyBookC/products/entry/build/default/intermediates/package/default/module.json cache.
[2026-02-28T17:42:59.490] [DEBUG] debug-file - Incremental task entry:default@GeneratePkgModuleJson post-execution cost:1 ms .
[2026-02-28T17:42:59.490] [DEBUG] debug-file - Incremental task entry:default@ProcessCompiledResources post-execution cost:1 ms .
[2026-02-28T17:42:59.490] [DEBUG] debug-file - Update task entry:default@PackageHap input file:/Users/ccccc/harmonyProjests/IEasyBookC/products/entry/build/default/intermediates/stripped_native_libs/default cache by regenerate.
[2026-02-28T17:42:59.490] [DEBUG] debug-file - Update task entry:default@PackageHap input file:/Users/ccccc/harmonyProjests/IEasyBookC/products/entry/build/default/intermediates/res/default/module.json cache from map.
[2026-02-28T17:42:59.490] [DEBUG] debug-file - Update task entry:default@PackageHap input file:/Users/ccccc/harmonyProjests/IEasyBookC/products/entry/build/default/intermediates/res/default/resources cache by regenerate.
[2026-02-28T17:42:59.491] [DEBUG] debug-file - Update task entry:default@PackageHap input file:/Users/ccccc/harmonyProjests/IEasyBookC/products/entry/build/default/intermediates/res/default/resources.index cache by regenerate.
[2026-02-28T17:42:59.491] [DEBUG] debug-file - Update task entry:default@PackageHap input file:/Users/ccccc/harmonyProjests/IEasyBookC/products/entry/build/default/outputs/default/pack.info cache by regenerate.
[2026-02-28T17:42:59.491] [DEBUG] debug-file - Update task entry:default@PackageHap input file:/Users/ccccc/harmonyProjests/IEasyBookC/products/entry/build/default/intermediates/loader_out/default/ets cache by regenerate.
[2026-02-28T17:42:59.491] [DEBUG] debug-file - Update task entry:default@PackageHap input file:/Users/ccccc/harmonyProjests/IEasyBookC/products/entry/build/default/intermediates/loader/default/pkgContextInfo.json cache by regenerate.
[2026-02-28T17:42:59.491] [DEBUG] debug-file - Update task entry:default@PackageHap input file:/Users/ccccc/harmonyProjests/IEasyBookC/products/entry/build/default/intermediates/loader_out/default/ets/sourceMaps.map cache by regenerate.
[2026-02-28T17:42:59.491] [DEBUG] debug-file - Update task entry:default@PackageHap input file:/Users/ccccc/harmonyProjests/IEasyBookC/products/entry/build/default/generated/profile/default/BuildProfile.ets cache by regenerate.
[2026-02-28T17:42:59.491] [DEBUG] debug-file - Update task entry:default@PackageHap output file:/Users/ccccc/harmonyProjests/IEasyBookC/products/entry/build/default/outputs/default/entry-default-unsigned.hap cache.
[2026-02-28T17:42:59.491] [DEBUG] debug-file - Update task entry:default@PackageHap output file:/Users/ccccc/harmonyProjests/IEasyBookC/products/entry/build/default/intermediates/source_map/default/sourceMaps.map cache.
[2026-02-28T17:42:59.491] [DEBUG] debug-file - Update task entry:default@PackageHap output file:/Users/ccccc/harmonyProjests/IEasyBookC/products/entry/build/default/outputs/default/mapping/sourceMaps.map cache.
[2026-02-28T17:42:59.491] [DEBUG] debug-file - Incremental task entry:default@PackageHap post-execution cost:1 ms .
[2026-02-28T17:42:59.491] [DEBUG] debug-file - Update task entry:default@SignHap input file:/Users/ccccc/harmonyProjests/IEasyBookC/products/entry/build/default/outputs/default/entry-default-unsigned.hap cache from map.
[2026-02-28T17:42:59.491] [DEBUG] debug-file - Update task entry:default@SignHap output file:/Users/ccccc/harmonyProjests/IEasyBookC/products/entry/build/default/outputs/default/entry-default-signed.hap cache.
[2026-02-28T17:42:59.491] [DEBUG] debug-file - Incremental task entry:default@SignHap post-execution cost:1 ms .
[2026-02-28T17:42:59.491] [DEBUG] debug-file - Update task entry:default@CollectDebugSymbol input file:/Users/ccccc/harmonyProjests/IEasyBookC/products/entry/build/default/intermediates/loader_out/default/ets/sourceMaps.map cache by regenerate.
[2026-02-28T17:42:59.491] [DEBUG] debug-file - Update task entry:default@CollectDebugSymbol input file:/Users/ccccc/harmonyProjests/IEasyBookC/products/entry/build/default/intermediates/libs/default cache by regenerate.
[2026-02-28T17:42:59.491] [DEBUG] debug-file - Update task entry:default@CollectDebugSymbol output file:/Users/ccccc/harmonyProjests/IEasyBookC/products/entry/build/default/outputs/default/symbol cache.
[2026-02-28T17:42:59.491] [DEBUG] debug-file - Incremental task entry:default@CollectDebugSymbol post-execution cost:1 ms .
[2026-02-28T17:42:59.499] [DEBUG] debug-file - hvigor build process will be closed.
[2026-02-28T17:42:59.499] [DEBUG] debug-file - java daemon socket close code:1000 reason:close by user
[2026-02-28T17:42:59.501] [DEBUG] debug-file - session manager: send message to worker process.
[2026-02-28T17:42:59.501] [DEBUG] debug-file - session manager: send message to worker process.
[2026-02-28T17:42:59.501] [DEBUG] debug-file - watch worker: worker id should be larger than 0. Nothing will be sent to any worker thread.
[2026-02-28T17:42:59.501] [DEBUG] debug-file - watch worker: worker id should be larger than 0. Nothing will be sent to any worker thread.
[2026-02-28T18:03:56.546] [DEBUG] debug-file - session manager: set active socket. socketId=Pl2VYjVJzfSuvTe9AABb
[2026-02-28T18:03:56.569] [DEBUG] debug-file - watch worker: worker id should be larger than 0. Nothing will be sent to any worker thread.
[2026-02-28T18:03:56.596] [DEBUG] debug-file - Workers' log level updated to INFO
[2026-02-28T18:03:56.609] [DEBUG] debug-file - Hvigor init with startParameters:{
  hvigorfileTypeCheck: false,
  parallelExecution: true,
  incrementalExecution: true,
  printStackTrace: false,
  daemon: true,
  analyze: 0,
  logLevel: Level { level: 20000, levelStr: 'INFO', colour: 'green' },
  optimizationStrategy: 'memory',
  hotCompile: undefined,
  hotReloadBuild: undefined,
  customizedParam: undefined
}
[2026-02-28T18:03:56.632] [DEBUG] debug-file - Cache service initialization finished in 21 ms 
[2026-02-28T18:03:56.633] [DEBUG] debug-file - hvigorfile, resolving /Users/ccccc/harmonyProjests/IEasyBookC/hvigorfile.ts
[2026-02-28T18:03:56.673] [DEBUG] debug-file - hvigorfile, require result:  { default: { plugins: [] } }
[2026-02-28T18:03:56.673] [DEBUG] debug-file - hvigorfile, binding system plugins null
[2026-02-28T18:03:56.675] [DEBUG] debug-file - Starting plugin build process
[2026-02-28T18:03:56.675] [DEBUG] debug-file - App plugin prepare start...
[2026-02-28T18:03:56.675] [DEBUG] debug-file - App plugin prepare end...
[2026-02-28T18:03:56.675] [DEBUG] debug-file - App plugin creating...
[2026-02-28T18:03:56.695] [DEBUG] debug-file - App plugin register hook start...
[2026-02-28T18:03:56.696] [DEBUG] debug-file - App plugin register hook end...
[2026-02-28T18:03:56.696] [DEBUG] debug-file - Plugin build process completed
[2026-02-28T18:03:56.696] [DEBUG] debug-file - Start initialize project's product build option map with build mode debug.
[2026-02-28T18:03:56.696] [DEBUG] debug-file - Picking option from product 'default' with build mode 'debug'.
[2026-02-28T18:03:56.696] [DEBUG] debug-file - Product 'default' build option initialized
[2026-02-28T18:03:56.696] [DEBUG] debug-file - End initialize project's product build option map with build mode 'debug'.
[2026-02-28T18:03:56.697] [DEBUG] debug-file - Obtain build option for product 'default'in this build.
[2026-02-28T18:03:56.703] [DEBUG] debug-file - No signingConfig found, initRemoteHspCache failed.
[2026-02-28T18:03:56.703] [DEBUG] debug-file - Start recording SDK configuration permission data.
[2026-02-28T18:03:56.748] [DEBUG] debug-file - Sdk init in 45 ms 
[2026-02-28T18:03:56.749] [DEBUG] debug-file - Project task initialization takes 2 ms 
[2026-02-28T18:03:56.750] [DEBUG] debug-file - hvigorfile, binding custom plugins []
[2026-02-28T18:03:56.750] [DEBUG] debug-file - hvigorfile, no custom plugins were found in /Users/ccccc/harmonyProjests/IEasyBookC/hvigorfile.ts
[2026-02-28T18:03:56.750] [DEBUG] debug-file - hvigorfile, resolve finished /Users/ccccc/harmonyProjests/IEasyBookC/hvigorfile.ts
[2026-02-28T18:03:56.750] [DEBUG] debug-file - hvigorfile, resolving /Users/ccccc/harmonyProjests/IEasyBookC/products/entry/hvigorfile.ts
[2026-02-28T18:03:56.752] [DEBUG] debug-file - hvigorfile, require result:  { default: { plugins: [] } }
[2026-02-28T18:03:56.752] [DEBUG] debug-file - hvigorfile, binding system plugins null
[2026-02-28T18:03:56.752] [DEBUG] debug-file - Starting plugin build process
[2026-02-28T18:03:56.752] [DEBUG] debug-file - Hap plugin creating...
[2026-02-28T18:03:56.753] [DEBUG] debug-file - failed to load cangjie to dynamically generate schemas: Error: Cannot find module '@ohos/cangjie-build-support/index'
Require stack:
- /Applications/DevEco-Studio.app/Contents/tools/hvigor/hvigor-ohos-plugin/src/plugin/hooks/cangjie-register.js
- /Applications/DevEco-Studio.app/Contents/tools/hvigor/hvigor-ohos-plugin/src/plugin/strategy/stage-init-strategy.js
- /Applications/DevEco-Studio.app/Contents/tools/hvigor/hvigor-ohos-plugin/src/plugin/builder/abstract-plugin-builder.js
- /Applications/DevEco-Studio.app/Contents/tools/hvigor/hvigor-ohos-plugin/src/plugin/builder/app-plugin-builder.js
- /Applications/DevEco-Studio.app/Contents/tools/hvigor/hvigor-ohos-plugin/src/plugin/factory/plugin-factory.js
- /Applications/DevEco-Studio.app/Contents/tools/hvigor/hvigor-ohos-plugin/index.js
- /Users/ccccc/harmonyProjests/IEasyBookC/hvigorfile.ts
- /Applications/DevEco-Studio.app/Contents/tools/hvigor/hvigor/src/base/internal/lifecycle/configuration.js
- /Applications/DevEco-Studio.app/Contents/tools/hvigor/hvigor/src/base/boot/index.js
- /Applications/DevEco-Studio.app/Contents/tools/hvigor/hvigor/src/base/daemon/cluster/worker-process-lifecycle.js
- /Applications/DevEco-Studio.app/Contents/tools/hvigor/hvigor/src/base/daemon/process/daemon-process-boot-script.js
[2026-02-28T18:03:56.762] [DEBUG] debug-file - Start initialize module-target build option map, moduleName=entry, buildMode=debug
[2026-02-28T18:03:56.762] [DEBUG] debug-file - Target 'default' config initialized
[2026-02-28T18:03:56.762] [DEBUG] debug-file - Target 'ohosTest' config initialized
[2026-02-28T18:03:56.762] [DEBUG] debug-file - Module 'entry' target 'default' build option initialized
[2026-02-28T18:03:56.762] [DEBUG] debug-file - Module 'entry' target 'ohosTest' build option initialized
[2026-02-28T18:03:56.762] [DEBUG] debug-file - End initialize module-target build option map, moduleName=entry
[2026-02-28T18:03:56.762] [DEBUG] debug-file - Start initialize module-target build option map, moduleName=entry, buildMode=release
[2026-02-28T18:03:56.762] [DEBUG] debug-file - Target 'default' config initialized
[2026-02-28T18:03:56.762] [DEBUG] debug-file - Target 'ohosTest' config initialized
[2026-02-28T18:03:56.762] [DEBUG] debug-file - Module 'entry' target 'default' build option initialized
[2026-02-28T18:03:56.762] [DEBUG] debug-file - Module 'entry' target 'ohosTest' build option initialized
[2026-02-28T18:03:56.762] [DEBUG] debug-file - End initialize module-target build option map, moduleName=entry
[2026-02-28T18:03:56.762] [DEBUG] debug-file - Start initialize module-target build option map, moduleName=entry, buildMode=debug
[2026-02-28T18:03:56.762] [DEBUG] debug-file - Target 'default' config initialized
[2026-02-28T18:03:56.762] [DEBUG] debug-file - Target 'ohosTest' config initialized
[2026-02-28T18:03:56.763] [DEBUG] debug-file - Module 'entry' target 'default' build option initialized
[2026-02-28T18:03:56.763] [DEBUG] debug-file - Module 'entry' target 'ohosTest' build option initialized
[2026-02-28T18:03:56.763] [DEBUG] debug-file - End initialize module-target build option map, moduleName=entry
[2026-02-28T18:03:56.763] [DEBUG] debug-file - Obtain build option for module 'entry' target 'default'in this build.
[2026-02-28T18:03:56.763] [DEBUG] debug-file - Module entry task initialization takes 1 ms 
[2026-02-28T18:03:56.763] [DEBUG] debug-file - Hap plugin register hook start...
[2026-02-28T18:03:56.764] [DEBUG] debug-file - Hap plugin register hook end...
[2026-02-28T18:03:56.764] [DEBUG] debug-file - Plugin build process completed
[2026-02-28T18:03:56.764] [DEBUG] debug-file - hvigorfile, binding custom plugins []
[2026-02-28T18:03:56.764] [DEBUG] debug-file - hvigorfile, no custom plugins were found in /Users/ccccc/harmonyProjests/IEasyBookC/products/entry/hvigorfile.ts
[2026-02-28T18:03:56.764] [DEBUG] debug-file - hvigorfile, resolve finished /Users/ccccc/harmonyProjests/IEasyBookC/products/entry/hvigorfile.ts
[2026-02-28T18:03:56.764] [DEBUG] debug-file - hvigorfile, resolving /Users/ccccc/harmonyProjests/IEasyBookC/commons/commonlib/hvigorfile.ts
[2026-02-28T18:03:56.766] [DEBUG] debug-file - hvigorfile, require result:  { default: { plugins: [] } }
[2026-02-28T18:03:56.766] [DEBUG] debug-file - hvigorfile, binding system plugins null
[2026-02-28T18:03:56.766] [DEBUG] debug-file - Starting plugin build process
[2026-02-28T18:03:56.766] [DEBUG] debug-file - Har plugin creating...
[2026-02-28T18:03:56.766] [DEBUG] debug-file - failed to load cangjie to dynamically generate schemas: Error: Cannot find module '@ohos/cangjie-build-support/index'
Require stack:
- /Applications/DevEco-Studio.app/Contents/tools/hvigor/hvigor-ohos-plugin/src/plugin/hooks/cangjie-register.js
- /Applications/DevEco-Studio.app/Contents/tools/hvigor/hvigor-ohos-plugin/src/plugin/strategy/stage-init-strategy.js
- /Applications/DevEco-Studio.app/Contents/tools/hvigor/hvigor-ohos-plugin/src/plugin/builder/abstract-plugin-builder.js
- /Applications/DevEco-Studio.app/Contents/tools/hvigor/hvigor-ohos-plugin/src/plugin/builder/app-plugin-builder.js
- /Applications/DevEco-Studio.app/Contents/tools/hvigor/hvigor-ohos-plugin/src/plugin/factory/plugin-factory.js
- /Applications/DevEco-Studio.app/Contents/tools/hvigor/hvigor-ohos-plugin/index.js
- /Users/ccccc/harmonyProjests/IEasyBookC/hvigorfile.ts
- /Applications/DevEco-Studio.app/Contents/tools/hvigor/hvigor/src/base/internal/lifecycle/configuration.js
- /Applications/DevEco-Studio.app/Contents/tools/hvigor/hvigor/src/base/boot/index.js
- /Applications/DevEco-Studio.app/Contents/tools/hvigor/hvigor/src/base/daemon/cluster/worker-process-lifecycle.js
- /Applications/DevEco-Studio.app/Contents/tools/hvigor/hvigor/src/base/daemon/process/daemon-process-boot-script.js
[2026-02-28T18:03:56.769] [DEBUG] debug-file - Start initialize module-target build option map, moduleName=commonlib, buildMode=debug
[2026-02-28T18:03:56.769] [DEBUG] debug-file - Target 'default' config initialized
[2026-02-28T18:03:56.769] [DEBUG] debug-file - Target 'ohosTest' config initialized
[2026-02-28T18:03:56.769] [DEBUG] debug-file - Module 'commonlib' target 'default' build option initialized
[2026-02-28T18:03:56.769] [DEBUG] debug-file - Module 'commonlib' target 'ohosTest' build option initialized
[2026-02-28T18:03:56.769] [DEBUG] debug-file - End initialize module-target build option map, moduleName=commonlib
[2026-02-28T18:03:56.769] [DEBUG] debug-file - Start initialize module-target build option map, moduleName=commonlib, buildMode=release
[2026-02-28T18:03:56.769] [DEBUG] debug-file - Target 'default' config initialized
[2026-02-28T18:03:56.769] [DEBUG] debug-file - Target 'ohosTest' config initialized
[2026-02-28T18:03:56.770] [DEBUG] debug-file - Module 'commonlib' target 'default' build option initialized
[2026-02-28T18:03:56.770] [DEBUG] debug-file - Module 'commonlib' target 'ohosTest' build option initialized
[2026-02-28T18:03:56.770] [DEBUG] debug-file - End initialize module-target build option map, moduleName=commonlib
[2026-02-28T18:03:56.770] [DEBUG] debug-file - Start initialize module-target build option map, moduleName=commonlib, buildMode=debug
[2026-02-28T18:03:56.770] [DEBUG] debug-file - Target 'default' config initialized
[2026-02-28T18:03:56.770] [DEBUG] debug-file - Target 'ohosTest' config initialized
[2026-02-28T18:03:56.770] [DEBUG] debug-file - Module 'commonlib' target 'default' build option initialized
[2026-02-28T18:03:56.770] [DEBUG] debug-file - Module 'commonlib' target 'ohosTest' build option initialized
[2026-02-28T18:03:56.770] [DEBUG] debug-file - End initialize module-target build option map, moduleName=commonlib
[2026-02-28T18:03:56.770] [DEBUG] debug-file - Obtain build option for module 'commonlib' target 'default'in this build.
[2026-02-28T18:03:56.771] [DEBUG] debug-file - Module commonlib task initialization takes 1 ms 
[2026-02-28T18:03:56.771] [DEBUG] debug-file - Har plugin register hook start...
[2026-02-28T18:03:56.771] [DEBUG] debug-file - Har plugin register hook end...
[2026-02-28T18:03:56.771] [DEBUG] debug-file - Plugin build process completed
[2026-02-28T18:03:56.771] [DEBUG] debug-file - hvigorfile, binding custom plugins []
[2026-02-28T18:03:56.771] [DEBUG] debug-file - hvigorfile, no custom plugins were found in /Users/ccccc/harmonyProjests/IEasyBookC/commons/commonlib/hvigorfile.ts
[2026-02-28T18:03:56.771] [DEBUG] debug-file - hvigorfile, resolve finished /Users/ccccc/harmonyProjests/IEasyBookC/commons/commonlib/hvigorfile.ts
[2026-02-28T18:03:56.771] [DEBUG] debug-file - hvigorfile, resolving /Users/ccccc/harmonyProjests/IEasyBookC/components/asset_manage/hvigorfile.ts
[2026-02-28T18:03:56.776] [DEBUG] debug-file - hvigorfile, require result:  { default: { plugins: [] } }
[2026-02-28T18:03:56.776] [DEBUG] debug-file - hvigorfile, binding system plugins null
[2026-02-28T18:03:56.776] [DEBUG] debug-file - Starting plugin build process
[2026-02-28T18:03:56.776] [DEBUG] debug-file - Har plugin creating...
[2026-02-28T18:03:56.776] [DEBUG] debug-file - failed to load cangjie to dynamically generate schemas: Error: Cannot find module '@ohos/cangjie-build-support/index'
Require stack:
- /Applications/DevEco-Studio.app/Contents/tools/hvigor/hvigor-ohos-plugin/src/plugin/hooks/cangjie-register.js
- /Applications/DevEco-Studio.app/Contents/tools/hvigor/hvigor-ohos-plugin/src/plugin/strategy/stage-init-strategy.js
- /Applications/DevEco-Studio.app/Contents/tools/hvigor/hvigor-ohos-plugin/src/plugin/builder/abstract-plugin-builder.js
- /Applications/DevEco-Studio.app/Contents/tools/hvigor/hvigor-ohos-plugin/src/plugin/builder/app-plugin-builder.js
- /Applications/DevEco-Studio.app/Contents/tools/hvigor/hvigor-ohos-plugin/src/plugin/factory/plugin-factory.js
- /Applications/DevEco-Studio.app/Contents/tools/hvigor/hvigor-ohos-plugin/index.js
- /Users/ccccc/harmonyProjests/IEasyBookC/hvigorfile.ts
- /Applications/DevEco-Studio.app/Contents/tools/hvigor/hvigor/src/base/internal/lifecycle/configuration.js
- /Applications/DevEco-Studio.app/Contents/tools/hvigor/hvigor/src/base/boot/index.js
- /Applications/DevEco-Studio.app/Contents/tools/hvigor/hvigor/src/base/daemon/cluster/worker-process-lifecycle.js
- /Applications/DevEco-Studio.app/Contents/tools/hvigor/hvigor/src/base/daemon/process/daemon-process-boot-script.js
[2026-02-28T18:03:56.776] [DEBUG] debug-file - Start initialize module-target build option map, moduleName=asset_manage, buildMode=debug
[2026-02-28T18:03:56.777] [DEBUG] debug-file - Target 'default' config initialized
[2026-02-28T18:03:56.777] [DEBUG] debug-file - Target 'ohosTest' config initialized
[2026-02-28T18:03:56.777] [DEBUG] debug-file - Module 'asset_manage' target 'default' build option initialized
[2026-02-28T18:03:56.777] [DEBUG] debug-file - Module 'asset_manage' target 'ohosTest' build option initialized
[2026-02-28T18:03:56.777] [DEBUG] debug-file - End initialize module-target build option map, moduleName=asset_manage
[2026-02-28T18:03:56.777] [DEBUG] debug-file - Start initialize module-target build option map, moduleName=asset_manage, buildMode=release
[2026-02-28T18:03:56.777] [DEBUG] debug-file - Target 'default' config initialized
[2026-02-28T18:03:56.777] [DEBUG] debug-file - Target 'ohosTest' config initialized
[2026-02-28T18:03:56.777] [DEBUG] debug-file - Module 'asset_manage' target 'default' build option initialized
[2026-02-28T18:03:56.777] [DEBUG] debug-file - Module 'asset_manage' target 'ohosTest' build option initialized
[2026-02-28T18:03:56.777] [DEBUG] debug-file - End initialize module-target build option map, moduleName=asset_manage
[2026-02-28T18:03:56.777] [DEBUG] debug-file - Start initialize module-target build option map, moduleName=asset_manage, buildMode=debug
[2026-02-28T18:03:56.777] [DEBUG] debug-file - Target 'default' config initialized
[2026-02-28T18:03:56.777] [DEBUG] debug-file - Target 'ohosTest' config initialized
[2026-02-28T18:03:56.777] [DEBUG] debug-file - Module 'asset_manage' target 'default' build option initialized
[2026-02-28T18:03:56.777] [DEBUG] debug-file - Module 'asset_manage' target 'ohosTest' build option initialized
[2026-02-28T18:03:56.777] [DEBUG] debug-file - End initialize module-target build option map, moduleName=asset_manage
[2026-02-28T18:03:56.777] [DEBUG] debug-file - Obtain build option for module 'asset_manage' target 'default'in this build.
[2026-02-28T18:03:56.777] [DEBUG] debug-file - Module asset_manage task initialization takes 1 ms 
[2026-02-28T18:03:56.777] [DEBUG] debug-file - Har plugin register hook start...
[2026-02-28T18:03:56.778] [DEBUG] debug-file - Har plugin register hook end...
[2026-02-28T18:03:56.778] [DEBUG] debug-file - Plugin build process completed
[2026-02-28T18:03:56.778] [DEBUG] debug-file - hvigorfile, binding custom plugins []
[2026-02-28T18:03:56.778] [DEBUG] debug-file - hvigorfile, no custom plugins were found in /Users/ccccc/harmonyProjests/IEasyBookC/components/asset_manage/hvigorfile.ts
[2026-02-28T18:03:56.778] [DEBUG] debug-file - hvigorfile, resolve finished /Users/ccccc/harmonyProjests/IEasyBookC/components/asset_manage/hvigorfile.ts
[2026-02-28T18:03:56.846] [DEBUG] debug-file - hvigorfile, resolve hvigorfile dependencies in 69 ms 
[2026-02-28T18:03:56.846] [DEBUG] debug-file - project has submodules:entry,commonlib,asset_manage
[2026-02-28T18:03:56.846] [DEBUG] debug-file - module:commonlib no need to execute packageHap
[2026-02-28T18:03:56.846] [DEBUG] debug-file - module:asset_manage no need to execute packageHap
[2026-02-28T18:03:56.847] [DEBUG] debug-file - start to load updatedOhPackageInfo to the disk
[2026-02-28T18:03:56.849] [DEBUG] debug-file - load to the disk finished
[2026-02-28T18:03:56.849] [DEBUG] debug-file - Start to initialize dependency information.
[2026-02-28T18:03:56.850] [DEBUG] debug-file - Module IEasyBookC Collected Dependency: 
[2026-02-28T18:03:56.850] [DEBUG] debug-file - Module IEasyBookC's total dependency: 0
[2026-02-28T18:03:56.850] [DEBUG] debug-file - Start to initialize dependency information.
[2026-02-28T18:03:56.851] [DEBUG] debug-file - Module entry Collected Dependency: /Users/ccccc/harmonyProjests/IEasyBookC/commons/commonlib
[2026-02-28T18:03:56.851] [DEBUG] debug-file - Module entry's total dependency: 1
[2026-02-28T18:03:56.852] [DEBUG] debug-file - Start to initialize dependency information.
[2026-02-28T18:03:56.853] [DEBUG] debug-file - Module commonlib Collected Dependency: 
[2026-02-28T18:03:56.853] [DEBUG] debug-file - Module commonlib's total dependency: 0
[2026-02-28T18:03:56.854] [DEBUG] debug-file - Start to initialize dependency information.
[2026-02-28T18:03:56.854] [DEBUG] debug-file - Module asset_manage Collected Dependency: 
[2026-02-28T18:03:56.854] [DEBUG] debug-file - Module asset_manage's total dependency: 0
[2026-02-28T18:03:56.855] [DEBUG] debug-file - Configuration phase cost:224 ms 
[2026-02-28T18:03:56.858] [DEBUG] debug-file - Configuration task cost before running: 259 ms 
[2026-02-28T18:03:56.858] [DEBUG] debug-file - Executing task :entry:init
[2026-02-28T18:03:56.859] [DEBUG] debug-file - entry : init cost memory 0.0130767822265625
[2026-02-28T18:03:56.859] [DEBUG] debug-file - runTaskFromQueue task cost before running: 259 ms 
[2026-02-28T18:03:56.859] [INFO] debug-file - Finished :entry:init... after 1 ms 
[2026-02-28T18:03:56.859] [DEBUG] debug-file - Executing task :commonlib:init
[2026-02-28T18:03:56.859] [DEBUG] debug-file - commonlib : init cost memory 0.01190948486328125
[2026-02-28T18:03:56.859] [DEBUG] debug-file - runTaskFromQueue task cost before running: 260 ms 
[2026-02-28T18:03:56.859] [INFO] debug-file - Finished :commonlib:init... after 1 ms 
[2026-02-28T18:03:56.859] [DEBUG] debug-file - Executing task :asset_manage:init
[2026-02-28T18:03:56.859] [DEBUG] debug-file - asset_manage : init cost memory 0.0119476318359375
[2026-02-28T18:03:56.859] [DEBUG] debug-file - runTaskFromQueue task cost before running: 260 ms 
[2026-02-28T18:03:56.859] [INFO] debug-file - Finished :asset_manage:init... after 1 ms 
[2026-02-28T18:03:56.859] [DEBUG] debug-file - Executing task ::init
[2026-02-28T18:03:56.860] [DEBUG] debug-file - IEasyBookC : init cost memory 0.01520538330078125
[2026-02-28T18:03:56.860] [DEBUG] debug-file - runTaskFromQueue task cost before running: 260 ms 
[2026-02-28T18:03:56.860] [INFO] debug-file - Finished ::init... after 1 ms 
[2026-02-28T18:03:56.862] [DEBUG] debug-file - Obtain build option for module 'entry' target 'default'in this build.
[2026-02-28T18:03:56.862] [DEBUG] debug-file - Obtain build option for module 'entry' target 'ohosTest'in this build.
[2026-02-28T18:03:56.862] [DEBUG] debug-file - Obtain build option for module 'commonlib' target 'default'in this build.
[2026-02-28T18:03:56.863] [DEBUG] debug-file - Obtain build option for module 'commonlib' target 'ohosTest'in this build.
[2026-02-28T18:03:56.863] [DEBUG] debug-file - Obtain build option for module 'asset_manage' target 'default'in this build.
[2026-02-28T18:03:56.863] [DEBUG] debug-file - Obtain build option for module 'asset_manage' target 'ohosTest'in this build.
[2026-02-28T18:03:56.865] [DEBUG] debug-file - hvigor build process will be closed.
[2026-02-28T18:03:56.939] [DEBUG] debug-file - session manager: send message to worker process.
[2026-02-28T18:03:56.939] [DEBUG] debug-file - session manager: send message to worker process.
[2026-02-28T18:03:56.941] [DEBUG] debug-file - watch worker: worker id should be larger than 0. Nothing will be sent to any worker thread.
[2026-02-28T18:03:56.941] [DEBUG] debug-file - watch worker: worker id should be larger than 0. Nothing will be sent to any worker thread.
[2026-02-28T18:16:01.231] [DEBUG] debug-file - session manager: set active socket. socketId=IeYY0UvkOoGCXQp1AABd
[2026-02-28T18:16:01.233] [DEBUG] debug-file - watch worker: worker id should be larger than 0. Nothing will be sent to any worker thread.
[2026-02-28T18:16:01.236] [DEBUG] debug-file - Workers' log level updated to INFO
[2026-02-28T18:16:01.238] [DEBUG] debug-file - Hvigor init with startParameters:{
  hvigorfileTypeCheck: false,
  parallelExecution: true,
  incrementalExecution: true,
  printStackTrace: false,
  daemon: true,
  analyze: 0,
  logLevel: Level { level: 20000, levelStr: 'INFO', colour: 'green' },
  optimizationStrategy: 'memory',
  hotCompile: undefined,
  hotReloadBuild: undefined,
  customizedParam: undefined
}
[2026-02-28T18:16:01.243] [DEBUG] debug-file - Cache service initialization finished in 5 ms 
[2026-02-28T18:16:01.243] [DEBUG] debug-file - hvigorfile, resolving /Users/ccccc/harmonyProjests/IEasyBookC/hvigorfile.ts
[2026-02-28T18:16:01.249] [DEBUG] debug-file - hvigorfile, require result:  { default: { plugins: [] } }
[2026-02-28T18:16:01.249] [DEBUG] debug-file - hvigorfile, binding system plugins null
[2026-02-28T18:16:01.249] [DEBUG] debug-file - Starting plugin build process
[2026-02-28T18:16:01.249] [DEBUG] debug-file - App plugin prepare start...
[2026-02-28T18:16:01.249] [DEBUG] debug-file - App plugin prepare end...
[2026-02-28T18:16:01.249] [DEBUG] debug-file - App plugin creating...
[2026-02-28T18:16:01.254] [DEBUG] debug-file - App plugin register hook start...
[2026-02-28T18:16:01.254] [DEBUG] debug-file - App plugin register hook end...
[2026-02-28T18:16:01.254] [DEBUG] debug-file - Plugin build process completed
[2026-02-28T18:16:01.254] [DEBUG] debug-file - Start initialize project's product build option map with build mode debug.
[2026-02-28T18:16:01.254] [DEBUG] debug-file - Picking option from product 'default' with build mode 'debug'.
[2026-02-28T18:16:01.254] [DEBUG] debug-file - Product 'default' build option initialized
[2026-02-28T18:16:01.254] [DEBUG] debug-file - End initialize project's product build option map with build mode 'debug'.
[2026-02-28T18:16:01.255] [DEBUG] debug-file - Obtain build option for product 'default'in this build.
[2026-02-28T18:16:01.261] [DEBUG] debug-file - No signingConfig found, initRemoteHspCache failed.
[2026-02-28T18:16:01.263] [DEBUG] debug-file - Start recording SDK configuration permission data.
[2026-02-28T18:16:01.294] [DEBUG] debug-file - Sdk init in 33 ms 
[2026-02-28T18:16:01.298] [DEBUG] debug-file - Project task initialization takes 4 ms 
[2026-02-28T18:16:01.299] [DEBUG] debug-file - hvigorfile, binding custom plugins []
[2026-02-28T18:16:01.299] [DEBUG] debug-file - hvigorfile, no custom plugins were found in /Users/ccccc/harmonyProjests/IEasyBookC/hvigorfile.ts
[2026-02-28T18:16:01.299] [DEBUG] debug-file - hvigorfile, resolve finished /Users/ccccc/harmonyProjests/IEasyBookC/hvigorfile.ts
[2026-02-28T18:16:01.299] [DEBUG] debug-file - hvigorfile, resolving /Users/ccccc/harmonyProjests/IEasyBookC/products/entry/hvigorfile.ts
[2026-02-28T18:16:01.302] [DEBUG] debug-file - hvigorfile, require result:  { default: { plugins: [] } }
[2026-02-28T18:16:01.303] [DEBUG] debug-file - hvigorfile, binding system plugins null
[2026-02-28T18:16:01.303] [DEBUG] debug-file - Starting plugin build process
[2026-02-28T18:16:01.303] [DEBUG] debug-file - Hap plugin creating...
[2026-02-28T18:16:01.303] [DEBUG] debug-file - failed to load cangjie to dynamically generate schemas: Error: Cannot find module '@ohos/cangjie-build-support/index'
Require stack:
- /Applications/DevEco-Studio.app/Contents/tools/hvigor/hvigor-ohos-plugin/src/plugin/hooks/cangjie-register.js
- /Applications/DevEco-Studio.app/Contents/tools/hvigor/hvigor-ohos-plugin/src/plugin/strategy/stage-init-strategy.js
- /Applications/DevEco-Studio.app/Contents/tools/hvigor/hvigor-ohos-plugin/src/plugin/builder/abstract-plugin-builder.js
- /Applications/DevEco-Studio.app/Contents/tools/hvigor/hvigor-ohos-plugin/src/plugin/builder/app-plugin-builder.js
- /Applications/DevEco-Studio.app/Contents/tools/hvigor/hvigor-ohos-plugin/src/plugin/factory/plugin-factory.js
- /Applications/DevEco-Studio.app/Contents/tools/hvigor/hvigor-ohos-plugin/index.js
- /Users/ccccc/harmonyProjests/IEasyBookC/hvigorfile.ts
- /Applications/DevEco-Studio.app/Contents/tools/hvigor/hvigor/src/base/internal/lifecycle/configuration.js
- /Applications/DevEco-Studio.app/Contents/tools/hvigor/hvigor/src/base/boot/index.js
- /Applications/DevEco-Studio.app/Contents/tools/hvigor/hvigor/src/base/daemon/cluster/worker-process-lifecycle.js
- /Applications/DevEco-Studio.app/Contents/tools/hvigor/hvigor/src/base/daemon/process/daemon-process-boot-script.js
[2026-02-28T18:16:01.305] [DEBUG] debug-file - Start initialize module-target build option map, moduleName=entry, buildMode=debug
[2026-02-28T18:16:01.305] [DEBUG] debug-file - Target 'default' config initialized
[2026-02-28T18:16:01.306] [DEBUG] debug-file - Target 'ohosTest' config initialized
[2026-02-28T18:16:01.306] [DEBUG] debug-file - Module 'entry' target 'default' build option initialized
[2026-02-28T18:16:01.306] [DEBUG] debug-file - Module 'entry' target 'ohosTest' build option initialized
[2026-02-28T18:16:01.306] [DEBUG] debug-file - End initialize module-target build option map, moduleName=entry
[2026-02-28T18:16:01.306] [DEBUG] debug-file - Start initialize module-target build option map, moduleName=entry, buildMode=release
[2026-02-28T18:16:01.306] [DEBUG] debug-file - Target 'default' config initialized
[2026-02-28T18:16:01.306] [DEBUG] debug-file - Target 'ohosTest' config initialized
[2026-02-28T18:16:01.306] [DEBUG] debug-file - Module 'entry' target 'default' build option initialized
[2026-02-28T18:16:01.306] [DEBUG] debug-file - Module 'entry' target 'ohosTest' build option initialized
[2026-02-28T18:16:01.306] [DEBUG] debug-file - End initialize module-target build option map, moduleName=entry
[2026-02-28T18:16:01.307] [DEBUG] debug-file - Start initialize module-target build option map, moduleName=entry, buildMode=debug
[2026-02-28T18:16:01.307] [DEBUG] debug-file - Target 'default' config initialized
[2026-02-28T18:16:01.307] [DEBUG] debug-file - Target 'ohosTest' config initialized
[2026-02-28T18:16:01.307] [DEBUG] debug-file - Module 'entry' target 'default' build option initialized
[2026-02-28T18:16:01.307] [DEBUG] debug-file - Module 'entry' target 'ohosTest' build option initialized
[2026-02-28T18:16:01.307] [DEBUG] debug-file - End initialize module-target build option map, moduleName=entry
[2026-02-28T18:16:01.307] [DEBUG] debug-file - Obtain build option for module 'entry' target 'default'in this build.
[2026-02-28T18:16:01.309] [DEBUG] debug-file - Module entry task initialization takes 1 ms 
[2026-02-28T18:16:01.309] [DEBUG] debug-file - Hap plugin register hook start...
[2026-02-28T18:16:01.309] [DEBUG] debug-file - Hap plugin register hook end...
[2026-02-28T18:16:01.309] [DEBUG] debug-file - Plugin build process completed
[2026-02-28T18:16:01.309] [DEBUG] debug-file - hvigorfile, binding custom plugins []
[2026-02-28T18:16:01.309] [DEBUG] debug-file - hvigorfile, no custom plugins were found in /Users/ccccc/harmonyProjests/IEasyBookC/products/entry/hvigorfile.ts
[2026-02-28T18:16:01.309] [DEBUG] debug-file - hvigorfile, resolve finished /Users/ccccc/harmonyProjests/IEasyBookC/products/entry/hvigorfile.ts
[2026-02-28T18:16:01.310] [DEBUG] debug-file - hvigorfile, resolving /Users/ccccc/harmonyProjests/IEasyBookC/commons/commonlib/hvigorfile.ts
[2026-02-28T18:16:01.312] [DEBUG] debug-file - hvigorfile, require result:  { default: { plugins: [] } }
[2026-02-28T18:16:01.312] [DEBUG] debug-file - hvigorfile, binding system plugins null
[2026-02-28T18:16:01.312] [DEBUG] debug-file - Starting plugin build process
[2026-02-28T18:16:01.312] [DEBUG] debug-file - Har plugin creating...
[2026-02-28T18:16:01.313] [DEBUG] debug-file - failed to load cangjie to dynamically generate schemas: Error: Cannot find module '@ohos/cangjie-build-support/index'
Require stack:
- /Applications/DevEco-Studio.app/Contents/tools/hvigor/hvigor-ohos-plugin/src/plugin/hooks/cangjie-register.js
- /Applications/DevEco-Studio.app/Contents/tools/hvigor/hvigor-ohos-plugin/src/plugin/strategy/stage-init-strategy.js
- /Applications/DevEco-Studio.app/Contents/tools/hvigor/hvigor-ohos-plugin/src/plugin/builder/abstract-plugin-builder.js
- /Applications/DevEco-Studio.app/Contents/tools/hvigor/hvigor-ohos-plugin/src/plugin/builder/app-plugin-builder.js
- /Applications/DevEco-Studio.app/Contents/tools/hvigor/hvigor-ohos-plugin/src/plugin/factory/plugin-factory.js
- /Applications/DevEco-Studio.app/Contents/tools/hvigor/hvigor-ohos-plugin/index.js
- /Users/ccccc/harmonyProjests/IEasyBookC/hvigorfile.ts
- /Applications/DevEco-Studio.app/Contents/tools/hvigor/hvigor/src/base/internal/lifecycle/configuration.js
- /Applications/DevEco-Studio.app/Contents/tools/hvigor/hvigor/src/base/boot/index.js
- /Applications/DevEco-Studio.app/Contents/tools/hvigor/hvigor/src/base/daemon/cluster/worker-process-lifecycle.js
- /Applications/DevEco-Studio.app/Contents/tools/hvigor/hvigor/src/base/daemon/process/daemon-process-boot-script.js
[2026-02-28T18:16:01.318] [DEBUG] debug-file - Start initialize module-target build option map, moduleName=commonlib, buildMode=debug
[2026-02-28T18:16:01.318] [DEBUG] debug-file - Target 'default' config initialized
[2026-02-28T18:16:01.318] [DEBUG] debug-file - Target 'ohosTest' config initialized
[2026-02-28T18:16:01.318] [DEBUG] debug-file - Module 'commonlib' target 'default' build option initialized
[2026-02-28T18:16:01.318] [DEBUG] debug-file - Module 'commonlib' target 'ohosTest' build option initialized
[2026-02-28T18:16:01.318] [DEBUG] debug-file - End initialize module-target build option map, moduleName=commonlib
[2026-02-28T18:16:01.318] [DEBUG] debug-file - Start initialize module-target build option map, moduleName=commonlib, buildMode=release
[2026-02-28T18:16:01.318] [DEBUG] debug-file - Target 'default' config initialized
[2026-02-28T18:16:01.318] [DEBUG] debug-file - Target 'ohosTest' config initialized
[2026-02-28T18:16:01.318] [DEBUG] debug-file - Module 'commonlib' target 'default' build option initialized
[2026-02-28T18:16:01.318] [DEBUG] debug-file - Module 'commonlib' target 'ohosTest' build option initialized
[2026-02-28T18:16:01.318] [DEBUG] debug-file - End initialize module-target build option map, moduleName=commonlib
[2026-02-28T18:16:01.318] [DEBUG] debug-file - Start initialize module-target build option map, moduleName=commonlib, buildMode=debug
[2026-02-28T18:16:01.318] [DEBUG] debug-file - Target 'default' config initialized
[2026-02-28T18:16:01.319] [DEBUG] debug-file - Target 'ohosTest' config initialized
[2026-02-28T18:16:01.319] [DEBUG] debug-file - Module 'commonlib' target 'default' build option initialized
[2026-02-28T18:16:01.319] [DEBUG] debug-file - Module 'commonlib' target 'ohosTest' build option initialized
[2026-02-28T18:16:01.319] [DEBUG] debug-file - End initialize module-target build option map, moduleName=commonlib
[2026-02-28T18:16:01.319] [DEBUG] debug-file - Obtain build option for module 'commonlib' target 'default'in this build.
[2026-02-28T18:16:01.319] [DEBUG] debug-file - Module commonlib task initialization takes 1 ms 
[2026-02-28T18:16:01.319] [DEBUG] debug-file - Har plugin register hook start...
[2026-02-28T18:16:01.319] [DEBUG] debug-file - Har plugin register hook end...
[2026-02-28T18:16:01.319] [DEBUG] debug-file - Plugin build process completed
[2026-02-28T18:16:01.319] [DEBUG] debug-file - hvigorfile, binding custom plugins []
[2026-02-28T18:16:01.319] [DEBUG] debug-file - hvigorfile, no custom plugins were found in /Users/ccccc/harmonyProjests/IEasyBookC/commons/commonlib/hvigorfile.ts
[2026-02-28T18:16:01.319] [DEBUG] debug-file - hvigorfile, resolve finished /Users/ccccc/harmonyProjests/IEasyBookC/commons/commonlib/hvigorfile.ts
[2026-02-28T18:16:01.319] [DEBUG] debug-file - hvigorfile, resolving /Users/ccccc/harmonyProjests/IEasyBookC/components/asset_manage/hvigorfile.ts
[2026-02-28T18:16:01.322] [DEBUG] debug-file - hvigorfile, require result:  { default: { plugins: [] } }
[2026-02-28T18:16:01.322] [DEBUG] debug-file - hvigorfile, binding system plugins null
[2026-02-28T18:16:01.322] [DEBUG] debug-file - Starting plugin build process
[2026-02-28T18:16:01.322] [DEBUG] debug-file - Har plugin creating...
[2026-02-28T18:16:01.322] [DEBUG] debug-file - failed to load cangjie to dynamically generate schemas: Error: Cannot find module '@ohos/cangjie-build-support/index'
Require stack:
- /Applications/DevEco-Studio.app/Contents/tools/hvigor/hvigor-ohos-plugin/src/plugin/hooks/cangjie-register.js
- /Applications/DevEco-Studio.app/Contents/tools/hvigor/hvigor-ohos-plugin/src/plugin/strategy/stage-init-strategy.js
- /Applications/DevEco-Studio.app/Contents/tools/hvigor/hvigor-ohos-plugin/src/plugin/builder/abstract-plugin-builder.js
- /Applications/DevEco-Studio.app/Contents/tools/hvigor/hvigor-ohos-plugin/src/plugin/builder/app-plugin-builder.js
- /Applications/DevEco-Studio.app/Contents/tools/hvigor/hvigor-ohos-plugin/src/plugin/factory/plugin-factory.js
- /Applications/DevEco-Studio.app/Contents/tools/hvigor/hvigor-ohos-plugin/index.js
- /Users/ccccc/harmonyProjests/IEasyBookC/hvigorfile.ts
- /Applications/DevEco-Studio.app/Contents/tools/hvigor/hvigor/src/base/internal/lifecycle/configuration.js
- /Applications/DevEco-Studio.app/Contents/tools/hvigor/hvigor/src/base/boot/index.js
- /Applications/DevEco-Studio.app/Contents/tools/hvigor/hvigor/src/base/daemon/cluster/worker-process-lifecycle.js
- /Applications/DevEco-Studio.app/Contents/tools/hvigor/hvigor/src/base/daemon/process/daemon-process-boot-script.js
[2026-02-28T18:16:01.322] [DEBUG] debug-file - Start initialize module-target build option map, moduleName=asset_manage, buildMode=debug
[2026-02-28T18:16:01.322] [DEBUG] debug-file - Target 'default' config initialized
[2026-02-28T18:16:01.322] [DEBUG] debug-file - Target 'ohosTest' config initialized
[2026-02-28T18:16:01.322] [DEBUG] debug-file - Module 'asset_manage' target 'default' build option initialized
[2026-02-28T18:16:01.323] [DEBUG] debug-file - Module 'asset_manage' target 'ohosTest' build option initialized
[2026-02-28T18:16:01.323] [DEBUG] debug-file - End initialize module-target build option map, moduleName=asset_manage
[2026-02-28T18:16:01.323] [DEBUG] debug-file - Start initialize module-target build option map, moduleName=asset_manage, buildMode=release
[2026-02-28T18:16:01.323] [DEBUG] debug-file - Target 'default' config initialized
[2026-02-28T18:16:01.323] [DEBUG] debug-file - Target 'ohosTest' config initialized
[2026-02-28T18:16:01.323] [DEBUG] debug-file - Module 'asset_manage' target 'default' build option initialized
[2026-02-28T18:16:01.323] [DEBUG] debug-file - Module 'asset_manage' target 'ohosTest' build option initialized
[2026-02-28T18:16:01.323] [DEBUG] debug-file - End initialize module-target build option map, moduleName=asset_manage
[2026-02-28T18:16:01.323] [DEBUG] debug-file - Start initialize module-target build option map, moduleName=asset_manage, buildMode=debug
[2026-02-28T18:16:01.323] [DEBUG] debug-file - Target 'default' config initialized
[2026-02-28T18:16:01.323] [DEBUG] debug-file - Target 'ohosTest' config initialized
[2026-02-28T18:16:01.323] [DEBUG] debug-file - Module 'asset_manage' target 'default' build option initialized
[2026-02-28T18:16:01.323] [DEBUG] debug-file - Module 'asset_manage' target 'ohosTest' build option initialized
[2026-02-28T18:16:01.323] [DEBUG] debug-file - End initialize module-target build option map, moduleName=asset_manage
[2026-02-28T18:16:01.323] [DEBUG] debug-file - Obtain build option for module 'asset_manage' target 'default'in this build.
[2026-02-28T18:16:01.323] [DEBUG] debug-file - Module asset_manage task initialization takes 1 ms 
[2026-02-28T18:16:01.323] [DEBUG] debug-file - Har plugin register hook start...
[2026-02-28T18:16:01.323] [DEBUG] debug-file - Har plugin register hook end...
[2026-02-28T18:16:01.323] [DEBUG] debug-file - Plugin build process completed
[2026-02-28T18:16:01.323] [DEBUG] debug-file - hvigorfile, binding custom plugins []
[2026-02-28T18:16:01.323] [DEBUG] debug-file - hvigorfile, no custom plugins were found in /Users/ccccc/harmonyProjests/IEasyBookC/components/asset_manage/hvigorfile.ts
[2026-02-28T18:16:01.323] [DEBUG] debug-file - hvigorfile, resolve finished /Users/ccccc/harmonyProjests/IEasyBookC/components/asset_manage/hvigorfile.ts
[2026-02-28T18:16:01.324] [DEBUG] debug-file - hvigorfile, resolving /Users/ccccc/harmonyProjests/IEasyBookC/components/asset_base/hvigorfile.ts
[2026-02-28T18:16:01.325] [DEBUG] debug-file - hvigorfile, require result:  { default: { plugins: [] } }
[2026-02-28T18:16:01.325] [DEBUG] debug-file - hvigorfile, binding system plugins null
[2026-02-28T18:16:01.325] [DEBUG] debug-file - Starting plugin build process
[2026-02-28T18:16:01.325] [DEBUG] debug-file - Har plugin creating...
[2026-02-28T18:16:01.325] [DEBUG] debug-file - failed to load cangjie to dynamically generate schemas: Error: Cannot find module '@ohos/cangjie-build-support/index'
Require stack:
- /Applications/DevEco-Studio.app/Contents/tools/hvigor/hvigor-ohos-plugin/src/plugin/hooks/cangjie-register.js
- /Applications/DevEco-Studio.app/Contents/tools/hvigor/hvigor-ohos-plugin/src/plugin/strategy/stage-init-strategy.js
- /Applications/DevEco-Studio.app/Contents/tools/hvigor/hvigor-ohos-plugin/src/plugin/builder/abstract-plugin-builder.js
- /Applications/DevEco-Studio.app/Contents/tools/hvigor/hvigor-ohos-plugin/src/plugin/builder/app-plugin-builder.js
- /Applications/DevEco-Studio.app/Contents/tools/hvigor/hvigor-ohos-plugin/src/plugin/factory/plugin-factory.js
- /Applications/DevEco-Studio.app/Contents/tools/hvigor/hvigor-ohos-plugin/index.js
- /Users/ccccc/harmonyProjests/IEasyBookC/hvigorfile.ts
- /Applications/DevEco-Studio.app/Contents/tools/hvigor/hvigor/src/base/internal/lifecycle/configuration.js
- /Applications/DevEco-Studio.app/Contents/tools/hvigor/hvigor/src/base/boot/index.js
- /Applications/DevEco-Studio.app/Contents/tools/hvigor/hvigor/src/base/daemon/cluster/worker-process-lifecycle.js
- /Applications/DevEco-Studio.app/Contents/tools/hvigor/hvigor/src/base/daemon/process/daemon-process-boot-script.js
[2026-02-28T18:16:01.330] [DEBUG] debug-file - Start initialize module-target build option map, moduleName=asset_base, buildMode=debug
[2026-02-28T18:16:01.330] [DEBUG] debug-file - Target 'default' config initialized
[2026-02-28T18:16:01.330] [DEBUG] debug-file - Target 'ohosTest' config initialized
[2026-02-28T18:16:01.331] [DEBUG] debug-file - Module 'asset_base' target 'default' build option initialized
[2026-02-28T18:16:01.331] [DEBUG] debug-file - Module 'asset_base' target 'ohosTest' build option initialized
[2026-02-28T18:16:01.331] [DEBUG] debug-file - End initialize module-target build option map, moduleName=asset_base
[2026-02-28T18:16:01.331] [DEBUG] debug-file - Start initialize module-target build option map, moduleName=asset_base, buildMode=release
[2026-02-28T18:16:01.331] [DEBUG] debug-file - Target 'default' config initialized
[2026-02-28T18:16:01.331] [DEBUG] debug-file - Target 'ohosTest' config initialized
[2026-02-28T18:16:01.332] [DEBUG] debug-file - Module 'asset_base' target 'default' build option initialized
[2026-02-28T18:16:01.332] [DEBUG] debug-file - Module 'asset_base' target 'ohosTest' build option initialized
[2026-02-28T18:16:01.332] [DEBUG] debug-file - End initialize module-target build option map, moduleName=asset_base
[2026-02-28T18:16:01.332] [DEBUG] debug-file - Start initialize module-target build option map, moduleName=asset_base, buildMode=debug
[2026-02-28T18:16:01.332] [DEBUG] debug-file - Target 'default' config initialized
[2026-02-28T18:16:01.333] [DEBUG] debug-file - Target 'ohosTest' config initialized
[2026-02-28T18:16:01.333] [DEBUG] debug-file - Module 'asset_base' target 'default' build option initialized
[2026-02-28T18:16:01.333] [DEBUG] debug-file - Module 'asset_base' target 'ohosTest' build option initialized
[2026-02-28T18:16:01.333] [DEBUG] debug-file - End initialize module-target build option map, moduleName=asset_base
[2026-02-28T18:16:01.333] [DEBUG] debug-file - Obtain build option for module 'asset_base' target 'default'in this build.
[2026-02-28T18:16:01.334] [DEBUG] debug-file - Module asset_base task initialization takes 1 ms 
[2026-02-28T18:16:01.334] [DEBUG] debug-file - Har plugin register hook start...
[2026-02-28T18:16:01.334] [DEBUG] debug-file - Har plugin register hook end...
[2026-02-28T18:16:01.334] [DEBUG] debug-file - Plugin build process completed
[2026-02-28T18:16:01.334] [DEBUG] debug-file - hvigorfile, binding custom plugins []
[2026-02-28T18:16:01.334] [DEBUG] debug-file - hvigorfile, no custom plugins were found in /Users/ccccc/harmonyProjests/IEasyBookC/components/asset_base/hvigorfile.ts
[2026-02-28T18:16:01.334] [DEBUG] debug-file - hvigorfile, resolve finished /Users/ccccc/harmonyProjests/IEasyBookC/components/asset_base/hvigorfile.ts
[2026-02-28T18:16:01.395] [DEBUG] debug-file - hvigorfile, resolve hvigorfile dependencies in 62 ms 
[2026-02-28T18:16:01.395] [DEBUG] debug-file - project has submodules:entry,commonlib,asset_manage,asset_base
[2026-02-28T18:16:01.396] [DEBUG] debug-file - module:commonlib no need to execute packageHap
[2026-02-28T18:16:01.396] [DEBUG] debug-file - module:asset_manage no need to execute packageHap
[2026-02-28T18:16:01.396] [DEBUG] debug-file - module:asset_base no need to execute packageHap
[2026-02-28T18:16:01.396] [DEBUG] debug-file - start to load updatedOhPackageInfo to the disk
[2026-02-28T18:16:01.399] [DEBUG] debug-file - load to the disk finished
[2026-02-28T18:16:01.399] [DEBUG] debug-file - Start to initialize dependency information.
[2026-02-28T18:16:01.399] [DEBUG] debug-file - Module IEasyBookC Collected Dependency: 
[2026-02-28T18:16:01.400] [DEBUG] debug-file - Module IEasyBookC's total dependency: 0
[2026-02-28T18:16:01.400] [DEBUG] debug-file - Start to initialize dependency information.
[2026-02-28T18:16:01.401] [DEBUG] debug-file - Module entry Collected Dependency: /Users/ccccc/harmonyProjests/IEasyBookC/commons/commonlib,/Users/ccccc/harmonyProjests/IEasyBookC/components/asset_manage
[2026-02-28T18:16:01.401] [DEBUG] debug-file - Module entry's total dependency: 2
[2026-02-28T18:16:01.402] [DEBUG] debug-file - Start to initialize dependency information.
[2026-02-28T18:16:01.402] [DEBUG] debug-file - Module commonlib Collected Dependency: 
[2026-02-28T18:16:01.402] [DEBUG] debug-file - Module commonlib's total dependency: 0
[2026-02-28T18:16:01.403] [DEBUG] debug-file - Start to initialize dependency information.
[2026-02-28T18:16:01.403] [DEBUG] debug-file - Module asset_manage Collected Dependency: 
[2026-02-28T18:16:01.403] [DEBUG] debug-file - Module asset_manage's total dependency: 0
[2026-02-28T18:16:01.403] [DEBUG] debug-file - Start to initialize dependency information.
[2026-02-28T18:16:01.403] [DEBUG] debug-file - Module asset_base Collected Dependency: 
[2026-02-28T18:16:01.403] [DEBUG] debug-file - Module asset_base's total dependency: 0
[2026-02-28T18:16:01.403] [DEBUG] debug-file - Configuration phase cost:161 ms 
[2026-02-28T18:16:01.404] [DEBUG] debug-file - Configuration task cost before running: 169 ms 
[2026-02-28T18:16:01.405] [DEBUG] debug-file - Executing task :entry:init
[2026-02-28T18:16:01.405] [DEBUG] debug-file - entry : init cost memory 0.01305389404296875
[2026-02-28T18:16:01.405] [DEBUG] debug-file - runTaskFromQueue task cost before running: 169 ms 
[2026-02-28T18:16:01.405] [INFO] debug-file - Finished :entry:init... after 1 ms 
[2026-02-28T18:16:01.405] [DEBUG] debug-file - Executing task :commonlib:init
[2026-02-28T18:16:01.405] [DEBUG] debug-file - commonlib : init cost memory 0.01190948486328125
[2026-02-28T18:16:01.405] [DEBUG] debug-file - runTaskFromQueue task cost before running: 169 ms 
[2026-02-28T18:16:01.405] [INFO] debug-file - Finished :commonlib:init... after 1 ms 
[2026-02-28T18:16:01.405] [DEBUG] debug-file - Executing task :asset_manage:init
[2026-02-28T18:16:01.405] [DEBUG] debug-file - asset_manage : init cost memory 0.0119476318359375
[2026-02-28T18:16:01.405] [DEBUG] debug-file - runTaskFromQueue task cost before running: 170 ms 
[2026-02-28T18:16:01.405] [INFO] debug-file - Finished :asset_manage:init... after 1 ms 
[2026-02-28T18:16:01.405] [DEBUG] debug-file - Executing task :asset_base:init
[2026-02-28T18:16:01.405] [DEBUG] debug-file - asset_base : init cost memory 0.01194000244140625
[2026-02-28T18:16:01.405] [DEBUG] debug-file - runTaskFromQueue task cost before running: 170 ms 
[2026-02-28T18:16:01.405] [INFO] debug-file - Finished :asset_base:init... after 1 ms 
[2026-02-28T18:16:01.405] [DEBUG] debug-file - Executing task ::init
[2026-02-28T18:16:01.405] [DEBUG] debug-file - IEasyBookC : init cost memory 0.01190948486328125
[2026-02-28T18:16:01.405] [DEBUG] debug-file - runTaskFromQueue task cost before running: 170 ms 
[2026-02-28T18:16:01.405] [INFO] debug-file - Finished ::init... after 1 ms 
[2026-02-28T18:16:01.406] [DEBUG] debug-file - Obtain build option for module 'entry' target 'default'in this build.
[2026-02-28T18:16:01.406] [DEBUG] debug-file - Obtain build option for module 'entry' target 'ohosTest'in this build.
[2026-02-28T18:16:01.406] [DEBUG] debug-file - Obtain build option for module 'commonlib' target 'default'in this build.
[2026-02-28T18:16:01.406] [DEBUG] debug-file - Obtain build option for module 'commonlib' target 'ohosTest'in this build.
[2026-02-28T18:16:01.406] [DEBUG] debug-file - Obtain build option for module 'asset_manage' target 'default'in this build.
[2026-02-28T18:16:01.407] [DEBUG] debug-file - Obtain build option for module 'asset_manage' target 'ohosTest'in this build.
[2026-02-28T18:16:01.407] [DEBUG] debug-file - Obtain build option for module 'asset_base' target 'default'in this build.
[2026-02-28T18:16:01.407] [DEBUG] debug-file - Obtain build option for module 'asset_base' target 'ohosTest'in this build.
[2026-02-28T18:16:01.408] [DEBUG] debug-file - hvigor build process will be closed.
[2026-02-28T18:16:01.446] [DEBUG] debug-file - session manager: send message to worker process.
[2026-02-28T18:16:01.446] [DEBUG] debug-file - session manager: send message to worker process.
[2026-02-28T18:16:01.446] [DEBUG] debug-file - watch worker: worker id should be larger than 0. Nothing will be sent to any worker thread.
[2026-02-28T18:16:01.446] [DEBUG] debug-file - watch worker: worker id should be larger than 0. Nothing will be sent to any worker thread.
[2026-02-28T18:18:23.204] [DEBUG] debug-file - session manager: set active socket. socketId=fjE3Fvfmr3IBKCaXAABf
[2026-02-28T18:18:23.206] [DEBUG] debug-file - watch worker: worker id should be larger than 0. Nothing will be sent to any worker thread.
[2026-02-28T18:18:23.209] [DEBUG] debug-file - Workers' log level updated to INFO
[2026-02-28T18:18:23.211] [DEBUG] debug-file - Hvigor init with startParameters:{
  hvigorfileTypeCheck: false,
  parallelExecution: true,
  incrementalExecution: true,
  printStackTrace: false,
  daemon: true,
  analyze: 0,
  logLevel: Level { level: 20000, levelStr: 'INFO', colour: 'green' },
  optimizationStrategy: 'memory',
  hotCompile: undefined,
  hotReloadBuild: undefined,
  customizedParam: undefined
}
[2026-02-28T18:18:23.216] [DEBUG] debug-file - Cache service initialization finished in 5 ms 
[2026-02-28T18:18:23.217] [DEBUG] debug-file - hvigorfile, resolving /Users/ccccc/harmonyProjests/IEasyBookC/hvigorfile.ts
[2026-02-28T18:18:23.223] [DEBUG] debug-file - hvigorfile, require result:  { default: { plugins: [] } }
[2026-02-28T18:18:23.224] [DEBUG] debug-file - hvigorfile, binding system plugins null
[2026-02-28T18:18:23.224] [DEBUG] debug-file - Starting plugin build process
[2026-02-28T18:18:23.224] [DEBUG] debug-file - App plugin prepare start...
[2026-02-28T18:18:23.224] [DEBUG] debug-file - App plugin prepare end...
[2026-02-28T18:18:23.224] [DEBUG] debug-file - App plugin creating...
[2026-02-28T18:18:23.228] [DEBUG] debug-file - App plugin register hook start...
[2026-02-28T18:18:23.228] [DEBUG] debug-file - App plugin register hook end...
[2026-02-28T18:18:23.228] [DEBUG] debug-file - Plugin build process completed
[2026-02-28T18:18:23.229] [DEBUG] debug-file - Start initialize project's product build option map with build mode debug.
[2026-02-28T18:18:23.229] [DEBUG] debug-file - Picking option from product 'default' with build mode 'debug'.
[2026-02-28T18:18:23.229] [DEBUG] debug-file - Product 'default' build option initialized
[2026-02-28T18:18:23.229] [DEBUG] debug-file - End initialize project's product build option map with build mode 'debug'.
[2026-02-28T18:18:23.229] [DEBUG] debug-file - Obtain build option for product 'default'in this build.
[2026-02-28T18:18:23.234] [DEBUG] debug-file - No signingConfig found, initRemoteHspCache failed.
[2026-02-28T18:18:23.235] [DEBUG] debug-file - Start recording SDK configuration permission data.
[2026-02-28T18:18:23.250] [DEBUG] debug-file - Sdk init in 16 ms 
[2026-02-28T18:18:23.252] [DEBUG] debug-file - Project task initialization takes 1 ms 
[2026-02-28T18:18:23.252] [DEBUG] debug-file - hvigorfile, binding custom plugins []
[2026-02-28T18:18:23.252] [DEBUG] debug-file - hvigorfile, no custom plugins were found in /Users/ccccc/harmonyProjests/IEasyBookC/hvigorfile.ts
[2026-02-28T18:18:23.252] [DEBUG] debug-file - hvigorfile, resolve finished /Users/ccccc/harmonyProjests/IEasyBookC/hvigorfile.ts
[2026-02-28T18:18:23.252] [DEBUG] debug-file - hvigorfile, resolving /Users/ccccc/harmonyProjests/IEasyBookC/products/entry/hvigorfile.ts
[2026-02-28T18:18:23.253] [DEBUG] debug-file - hvigorfile, require result:  { default: { plugins: [] } }
[2026-02-28T18:18:23.253] [DEBUG] debug-file - hvigorfile, binding system plugins null
[2026-02-28T18:18:23.253] [DEBUG] debug-file - Starting plugin build process
[2026-02-28T18:18:23.253] [DEBUG] debug-file - Hap plugin creating...
[2026-02-28T18:18:23.254] [DEBUG] debug-file - failed to load cangjie to dynamically generate schemas: Error: Cannot find module '@ohos/cangjie-build-support/index'
Require stack:
- /Applications/DevEco-Studio.app/Contents/tools/hvigor/hvigor-ohos-plugin/src/plugin/hooks/cangjie-register.js
- /Applications/DevEco-Studio.app/Contents/tools/hvigor/hvigor-ohos-plugin/src/plugin/strategy/stage-init-strategy.js
- /Applications/DevEco-Studio.app/Contents/tools/hvigor/hvigor-ohos-plugin/src/plugin/builder/abstract-plugin-builder.js
- /Applications/DevEco-Studio.app/Contents/tools/hvigor/hvigor-ohos-plugin/src/plugin/builder/app-plugin-builder.js
- /Applications/DevEco-Studio.app/Contents/tools/hvigor/hvigor-ohos-plugin/src/plugin/factory/plugin-factory.js
- /Applications/DevEco-Studio.app/Contents/tools/hvigor/hvigor-ohos-plugin/index.js
- /Users/ccccc/harmonyProjests/IEasyBookC/hvigorfile.ts
- /Applications/DevEco-Studio.app/Contents/tools/hvigor/hvigor/src/base/internal/lifecycle/configuration.js
- /Applications/DevEco-Studio.app/Contents/tools/hvigor/hvigor/src/base/boot/index.js
- /Applications/DevEco-Studio.app/Contents/tools/hvigor/hvigor/src/base/daemon/cluster/worker-process-lifecycle.js
- /Applications/DevEco-Studio.app/Contents/tools/hvigor/hvigor/src/base/daemon/process/daemon-process-boot-script.js
[2026-02-28T18:18:23.254] [DEBUG] debug-file - Start initialize module-target build option map, moduleName=entry, buildMode=debug
[2026-02-28T18:18:23.254] [DEBUG] debug-file - Target 'default' config initialized
[2026-02-28T18:18:23.255] [DEBUG] debug-file - Target 'ohosTest' config initialized
[2026-02-28T18:18:23.255] [DEBUG] debug-file - Module 'entry' target 'default' build option initialized
[2026-02-28T18:18:23.255] [DEBUG] debug-file - Module 'entry' target 'ohosTest' build option initialized
[2026-02-28T18:18:23.255] [DEBUG] debug-file - End initialize module-target build option map, moduleName=entry
[2026-02-28T18:18:23.255] [DEBUG] debug-file - Start initialize module-target build option map, moduleName=entry, buildMode=release
[2026-02-28T18:18:23.255] [DEBUG] debug-file - Target 'default' config initialized
[2026-02-28T18:18:23.255] [DEBUG] debug-file - Target 'ohosTest' config initialized
[2026-02-28T18:18:23.255] [DEBUG] debug-file - Module 'entry' target 'default' build option initialized
[2026-02-28T18:18:23.255] [DEBUG] debug-file - Module 'entry' target 'ohosTest' build option initialized
[2026-02-28T18:18:23.255] [DEBUG] debug-file - End initialize module-target build option map, moduleName=entry
[2026-02-28T18:18:23.255] [DEBUG] debug-file - Start initialize module-target build option map, moduleName=entry, buildMode=debug
[2026-02-28T18:18:23.255] [DEBUG] debug-file - Target 'default' config initialized
[2026-02-28T18:18:23.255] [DEBUG] debug-file - Target 'ohosTest' config initialized
[2026-02-28T18:18:23.255] [DEBUG] debug-file - Module 'entry' target 'default' build option initialized
[2026-02-28T18:18:23.255] [DEBUG] debug-file - Module 'entry' target 'ohosTest' build option initialized
[2026-02-28T18:18:23.255] [DEBUG] debug-file - End initialize module-target build option map, moduleName=entry
[2026-02-28T18:18:23.255] [DEBUG] debug-file - Obtain build option for module 'entry' target 'default'in this build.
[2026-02-28T18:18:23.256] [DEBUG] debug-file - Module entry task initialization takes 1 ms 
[2026-02-28T18:18:23.256] [DEBUG] debug-file - Hap plugin register hook start...
[2026-02-28T18:18:23.256] [DEBUG] debug-file - Hap plugin register hook end...
[2026-02-28T18:18:23.256] [DEBUG] debug-file - Plugin build process completed
[2026-02-28T18:18:23.256] [DEBUG] debug-file - hvigorfile, binding custom plugins []
[2026-02-28T18:18:23.256] [DEBUG] debug-file - hvigorfile, no custom plugins were found in /Users/ccccc/harmonyProjests/IEasyBookC/products/entry/hvigorfile.ts
[2026-02-28T18:18:23.256] [DEBUG] debug-file - hvigorfile, resolve finished /Users/ccccc/harmonyProjests/IEasyBookC/products/entry/hvigorfile.ts
[2026-02-28T18:18:23.256] [DEBUG] debug-file - hvigorfile, resolving /Users/ccccc/harmonyProjests/IEasyBookC/commons/commonlib/hvigorfile.ts
[2026-02-28T18:18:23.258] [DEBUG] debug-file - hvigorfile, require result:  { default: { plugins: [] } }
[2026-02-28T18:18:23.258] [DEBUG] debug-file - hvigorfile, binding system plugins null
[2026-02-28T18:18:23.258] [DEBUG] debug-file - Starting plugin build process
[2026-02-28T18:18:23.258] [DEBUG] debug-file - Har plugin creating...
[2026-02-28T18:18:23.258] [DEBUG] debug-file - failed to load cangjie to dynamically generate schemas: Error: Cannot find module '@ohos/cangjie-build-support/index'
Require stack:
- /Applications/DevEco-Studio.app/Contents/tools/hvigor/hvigor-ohos-plugin/src/plugin/hooks/cangjie-register.js
- /Applications/DevEco-Studio.app/Contents/tools/hvigor/hvigor-ohos-plugin/src/plugin/strategy/stage-init-strategy.js
- /Applications/DevEco-Studio.app/Contents/tools/hvigor/hvigor-ohos-plugin/src/plugin/builder/abstract-plugin-builder.js
- /Applications/DevEco-Studio.app/Contents/tools/hvigor/hvigor-ohos-plugin/src/plugin/builder/app-plugin-builder.js
- /Applications/DevEco-Studio.app/Contents/tools/hvigor/hvigor-ohos-plugin/src/plugin/factory/plugin-factory.js
- /Applications/DevEco-Studio.app/Contents/tools/hvigor/hvigor-ohos-plugin/index.js
- /Users/ccccc/harmonyProjests/IEasyBookC/hvigorfile.ts
- /Applications/DevEco-Studio.app/Contents/tools/hvigor/hvigor/src/base/internal/lifecycle/configuration.js
- /Applications/DevEco-Studio.app/Contents/tools/hvigor/hvigor/src/base/boot/index.js
- /Applications/DevEco-Studio.app/Contents/tools/hvigor/hvigor/src/base/daemon/cluster/worker-process-lifecycle.js
- /Applications/DevEco-Studio.app/Contents/tools/hvigor/hvigor/src/base/daemon/process/daemon-process-boot-script.js
[2026-02-28T18:18:23.259] [DEBUG] debug-file - Start initialize module-target build option map, moduleName=commonlib, buildMode=debug
[2026-02-28T18:18:23.259] [DEBUG] debug-file - Target 'default' config initialized
[2026-02-28T18:18:23.259] [DEBUG] debug-file - Target 'ohosTest' config initialized
[2026-02-28T18:18:23.259] [DEBUG] debug-file - Module 'commonlib' target 'default' build option initialized
[2026-02-28T18:18:23.259] [DEBUG] debug-file - Module 'commonlib' target 'ohosTest' build option initialized
[2026-02-28T18:18:23.259] [DEBUG] debug-file - End initialize module-target build option map, moduleName=commonlib
[2026-02-28T18:18:23.259] [DEBUG] debug-file - Start initialize module-target build option map, moduleName=commonlib, buildMode=release
[2026-02-28T18:18:23.259] [DEBUG] debug-file - Target 'default' config initialized
[2026-02-28T18:18:23.259] [DEBUG] debug-file - Target 'ohosTest' config initialized
[2026-02-28T18:18:23.262] [DEBUG] debug-file - Module 'commonlib' target 'default' build option initialized
[2026-02-28T18:18:23.262] [DEBUG] debug-file - Module 'commonlib' target 'ohosTest' build option initialized
[2026-02-28T18:18:23.262] [DEBUG] debug-file - End initialize module-target build option map, moduleName=commonlib
[2026-02-28T18:18:23.263] [DEBUG] debug-file - Start initialize module-target build option map, moduleName=commonlib, buildMode=debug
[2026-02-28T18:18:23.263] [DEBUG] debug-file - Target 'default' config initialized
[2026-02-28T18:18:23.263] [DEBUG] debug-file - Target 'ohosTest' config initialized
[2026-02-28T18:18:23.263] [DEBUG] debug-file - Module 'commonlib' target 'default' build option initialized
[2026-02-28T18:18:23.263] [DEBUG] debug-file - Module 'commonlib' target 'ohosTest' build option initialized
[2026-02-28T18:18:23.263] [DEBUG] debug-file - End initialize module-target build option map, moduleName=commonlib
[2026-02-28T18:18:23.263] [DEBUG] debug-file - Obtain build option for module 'commonlib' target 'default'in this build.
[2026-02-28T18:18:23.264] [DEBUG] debug-file - Module commonlib task initialization takes 1 ms 
[2026-02-28T18:18:23.264] [DEBUG] debug-file - Har plugin register hook start...
[2026-02-28T18:18:23.264] [DEBUG] debug-file - Har plugin register hook end...
[2026-02-28T18:18:23.264] [DEBUG] debug-file - Plugin build process completed
[2026-02-28T18:18:23.264] [DEBUG] debug-file - hvigorfile, binding custom plugins []
[2026-02-28T18:18:23.264] [DEBUG] debug-file - hvigorfile, no custom plugins were found in /Users/ccccc/harmonyProjests/IEasyBookC/commons/commonlib/hvigorfile.ts
[2026-02-28T18:18:23.264] [DEBUG] debug-file - hvigorfile, resolve finished /Users/ccccc/harmonyProjests/IEasyBookC/commons/commonlib/hvigorfile.ts
[2026-02-28T18:18:23.264] [DEBUG] debug-file - hvigorfile, resolving /Users/ccccc/harmonyProjests/IEasyBookC/components/asset_manage/hvigorfile.ts
[2026-02-28T18:18:23.265] [DEBUG] debug-file - hvigorfile, require result:  { default: { plugins: [] } }
[2026-02-28T18:18:23.265] [DEBUG] debug-file - hvigorfile, binding system plugins null
[2026-02-28T18:18:23.265] [DEBUG] debug-file - Starting plugin build process
[2026-02-28T18:18:23.265] [DEBUG] debug-file - Har plugin creating...
[2026-02-28T18:18:23.266] [DEBUG] debug-file - failed to load cangjie to dynamically generate schemas: Error: Cannot find module '@ohos/cangjie-build-support/index'
Require stack:
- /Applications/DevEco-Studio.app/Contents/tools/hvigor/hvigor-ohos-plugin/src/plugin/hooks/cangjie-register.js
- /Applications/DevEco-Studio.app/Contents/tools/hvigor/hvigor-ohos-plugin/src/plugin/strategy/stage-init-strategy.js
- /Applications/DevEco-Studio.app/Contents/tools/hvigor/hvigor-ohos-plugin/src/plugin/builder/abstract-plugin-builder.js
- /Applications/DevEco-Studio.app/Contents/tools/hvigor/hvigor-ohos-plugin/src/plugin/builder/app-plugin-builder.js
- /Applications/DevEco-Studio.app/Contents/tools/hvigor/hvigor-ohos-plugin/src/plugin/factory/plugin-factory.js
- /Applications/DevEco-Studio.app/Contents/tools/hvigor/hvigor-ohos-plugin/index.js
- /Users/ccccc/harmonyProjests/IEasyBookC/hvigorfile.ts
- /Applications/DevEco-Studio.app/Contents/tools/hvigor/hvigor/src/base/internal/lifecycle/configuration.js
- /Applications/DevEco-Studio.app/Contents/tools/hvigor/hvigor/src/base/boot/index.js
- /Applications/DevEco-Studio.app/Contents/tools/hvigor/hvigor/src/base/daemon/cluster/worker-process-lifecycle.js
- /Applications/DevEco-Studio.app/Contents/tools/hvigor/hvigor/src/base/daemon/process/daemon-process-boot-script.js
[2026-02-28T18:18:23.266] [DEBUG] debug-file - Start initialize module-target build option map, moduleName=asset_manage, buildMode=debug
[2026-02-28T18:18:23.266] [DEBUG] debug-file - Target 'default' config initialized
[2026-02-28T18:18:23.266] [DEBUG] debug-file - Target 'ohosTest' config initialized
[2026-02-28T18:18:23.266] [DEBUG] debug-file - Module 'asset_manage' target 'default' build option initialized
[2026-02-28T18:18:23.266] [DEBUG] debug-file - Module 'asset_manage' target 'ohosTest' build option initialized
[2026-02-28T18:18:23.266] [DEBUG] debug-file - End initialize module-target build option map, moduleName=asset_manage
[2026-02-28T18:18:23.266] [DEBUG] debug-file - Start initialize module-target build option map, moduleName=asset_manage, buildMode=release
[2026-02-28T18:18:23.266] [DEBUG] debug-file - Target 'default' config initialized
[2026-02-28T18:18:23.266] [DEBUG] debug-file - Target 'ohosTest' config initialized
[2026-02-28T18:18:23.266] [DEBUG] debug-file - Module 'asset_manage' target 'default' build option initialized
[2026-02-28T18:18:23.267] [DEBUG] debug-file - Module 'asset_manage' target 'ohosTest' build option initialized
[2026-02-28T18:18:23.267] [DEBUG] debug-file - End initialize module-target build option map, moduleName=asset_manage
[2026-02-28T18:18:23.267] [DEBUG] debug-file - Start initialize module-target build option map, moduleName=asset_manage, buildMode=debug
[2026-02-28T18:18:23.267] [DEBUG] debug-file - Target 'default' config initialized
[2026-02-28T18:18:23.267] [DEBUG] debug-file - Target 'ohosTest' config initialized
[2026-02-28T18:18:23.267] [DEBUG] debug-file - Module 'asset_manage' target 'default' build option initialized
[2026-02-28T18:18:23.267] [DEBUG] debug-file - Module 'asset_manage' target 'ohosTest' build option initialized
[2026-02-28T18:18:23.267] [DEBUG] debug-file - End initialize module-target build option map, moduleName=asset_manage
[2026-02-28T18:18:23.267] [DEBUG] debug-file - Obtain build option for module 'asset_manage' target 'default'in this build.
[2026-02-28T18:18:23.267] [DEBUG] debug-file - Module asset_manage task initialization takes 1 ms 
[2026-02-28T18:18:23.268] [DEBUG] debug-file - Har plugin register hook start...
[2026-02-28T18:18:23.268] [DEBUG] debug-file - Har plugin register hook end...
[2026-02-28T18:18:23.268] [DEBUG] debug-file - Plugin build process completed
[2026-02-28T18:18:23.268] [DEBUG] debug-file - hvigorfile, binding custom plugins []
[2026-02-28T18:18:23.268] [DEBUG] debug-file - hvigorfile, no custom plugins were found in /Users/ccccc/harmonyProjests/IEasyBookC/components/asset_manage/hvigorfile.ts
[2026-02-28T18:18:23.268] [DEBUG] debug-file - hvigorfile, resolve finished /Users/ccccc/harmonyProjests/IEasyBookC/components/asset_manage/hvigorfile.ts
[2026-02-28T18:18:23.268] [DEBUG] debug-file - hvigorfile, resolving /Users/ccccc/harmonyProjests/IEasyBookC/components/asset_base/hvigorfile.ts
[2026-02-28T18:18:23.270] [DEBUG] debug-file - hvigorfile, require result:  { default: { plugins: [] } }
[2026-02-28T18:18:23.270] [DEBUG] debug-file - hvigorfile, binding system plugins null
[2026-02-28T18:18:23.270] [DEBUG] debug-file - Starting plugin build process
[2026-02-28T18:18:23.270] [DEBUG] debug-file - Har plugin creating...
[2026-02-28T18:18:23.270] [DEBUG] debug-file - failed to load cangjie to dynamically generate schemas: Error: Cannot find module '@ohos/cangjie-build-support/index'
Require stack:
- /Applications/DevEco-Studio.app/Contents/tools/hvigor/hvigor-ohos-plugin/src/plugin/hooks/cangjie-register.js
- /Applications/DevEco-Studio.app/Contents/tools/hvigor/hvigor-ohos-plugin/src/plugin/strategy/stage-init-strategy.js
- /Applications/DevEco-Studio.app/Contents/tools/hvigor/hvigor-ohos-plugin/src/plugin/builder/abstract-plugin-builder.js
- /Applications/DevEco-Studio.app/Contents/tools/hvigor/hvigor-ohos-plugin/src/plugin/builder/app-plugin-builder.js
- /Applications/DevEco-Studio.app/Contents/tools/hvigor/hvigor-ohos-plugin/src/plugin/factory/plugin-factory.js
- /Applications/DevEco-Studio.app/Contents/tools/hvigor/hvigor-ohos-plugin/index.js
- /Users/ccccc/harmonyProjests/IEasyBookC/hvigorfile.ts
- /Applications/DevEco-Studio.app/Contents/tools/hvigor/hvigor/src/base/internal/lifecycle/configuration.js
- /Applications/DevEco-Studio.app/Contents/tools/hvigor/hvigor/src/base/boot/index.js
- /Applications/DevEco-Studio.app/Contents/tools/hvigor/hvigor/src/base/daemon/cluster/worker-process-lifecycle.js
- /Applications/DevEco-Studio.app/Contents/tools/hvigor/hvigor/src/base/daemon/process/daemon-process-boot-script.js
[2026-02-28T18:18:23.271] [DEBUG] debug-file - Start initialize module-target build option map, moduleName=asset_base, buildMode=debug
[2026-02-28T18:18:23.271] [DEBUG] debug-file - Target 'default' config initialized
[2026-02-28T18:18:23.271] [DEBUG] debug-file - Target 'ohosTest' config initialized
[2026-02-28T18:18:23.271] [DEBUG] debug-file - Module 'asset_base' target 'default' build option initialized
[2026-02-28T18:18:23.271] [DEBUG] debug-file - Module 'asset_base' target 'ohosTest' build option initialized
[2026-02-28T18:18:23.271] [DEBUG] debug-file - End initialize module-target build option map, moduleName=asset_base
[2026-02-28T18:18:23.271] [DEBUG] debug-file - Start initialize module-target build option map, moduleName=asset_base, buildMode=release
[2026-02-28T18:18:23.271] [DEBUG] debug-file - Target 'default' config initialized
[2026-02-28T18:18:23.271] [DEBUG] debug-file - Target 'ohosTest' config initialized
[2026-02-28T18:18:23.271] [DEBUG] debug-file - Module 'asset_base' target 'default' build option initialized
[2026-02-28T18:18:23.271] [DEBUG] debug-file - Module 'asset_base' target 'ohosTest' build option initialized
[2026-02-28T18:18:23.271] [DEBUG] debug-file - End initialize module-target build option map, moduleName=asset_base
[2026-02-28T18:18:23.271] [DEBUG] debug-file - Start initialize module-target build option map, moduleName=asset_base, buildMode=debug
[2026-02-28T18:18:23.271] [DEBUG] debug-file - Target 'default' config initialized
[2026-02-28T18:18:23.271] [DEBUG] debug-file - Target 'ohosTest' config initialized
[2026-02-28T18:18:23.271] [DEBUG] debug-file - Module 'asset_base' target 'default' build option initialized
[2026-02-28T18:18:23.271] [DEBUG] debug-file - Module 'asset_base' target 'ohosTest' build option initialized
[2026-02-28T18:18:23.271] [DEBUG] debug-file - End initialize module-target build option map, moduleName=asset_base
[2026-02-28T18:18:23.271] [DEBUG] debug-file - Obtain build option for module 'asset_base' target 'default'in this build.
[2026-02-28T18:18:23.272] [DEBUG] debug-file - Module asset_base task initialization takes 1 ms 
[2026-02-28T18:18:23.272] [DEBUG] debug-file - Har plugin register hook start...
[2026-02-28T18:18:23.272] [DEBUG] debug-file - Har plugin register hook end...
[2026-02-28T18:18:23.272] [DEBUG] debug-file - Plugin build process completed
[2026-02-28T18:18:23.273] [DEBUG] debug-file - hvigorfile, binding custom plugins []
[2026-02-28T18:18:23.273] [DEBUG] debug-file - hvigorfile, no custom plugins were found in /Users/ccccc/harmonyProjests/IEasyBookC/components/asset_base/hvigorfile.ts
[2026-02-28T18:18:23.273] [DEBUG] debug-file - hvigorfile, resolve finished /Users/ccccc/harmonyProjests/IEasyBookC/components/asset_base/hvigorfile.ts
[2026-02-28T18:18:23.313] [DEBUG] debug-file - hvigorfile, resolve hvigorfile dependencies in 40 ms 
[2026-02-28T18:18:23.313] [DEBUG] debug-file - project has submodules:entry,commonlib,asset_manage,asset_base
[2026-02-28T18:18:23.313] [DEBUG] debug-file - module:commonlib no need to execute packageHap
[2026-02-28T18:18:23.313] [DEBUG] debug-file - module:asset_manage no need to execute packageHap
[2026-02-28T18:18:23.313] [DEBUG] debug-file - module:asset_base no need to execute packageHap
[2026-02-28T18:18:23.313] [DEBUG] debug-file - start to load updatedOhPackageInfo to the disk
[2026-02-28T18:18:23.315] [DEBUG] debug-file - load to the disk finished
[2026-02-28T18:18:23.315] [DEBUG] debug-file - Start to initialize dependency information.
[2026-02-28T18:18:23.316] [DEBUG] debug-file - Module IEasyBookC Collected Dependency: 
[2026-02-28T18:18:23.316] [DEBUG] debug-file - Module IEasyBookC's total dependency: 0
[2026-02-28T18:18:23.316] [DEBUG] debug-file - Start to initialize dependency information.
[2026-02-28T18:18:23.317] [DEBUG] debug-file - Module entry Collected Dependency: /Users/ccccc/harmonyProjests/IEasyBookC/commons/commonlib,/Users/ccccc/harmonyProjests/IEasyBookC/components/asset_manage,/Users/ccccc/harmonyProjests/IEasyBookC/components/asset_base
[2026-02-28T18:18:23.317] [DEBUG] debug-file - Module entry's total dependency: 3
[2026-02-28T18:18:23.318] [DEBUG] debug-file - Start to initialize dependency information.
[2026-02-28T18:18:23.318] [DEBUG] debug-file - Module commonlib Collected Dependency: 
[2026-02-28T18:18:23.318] [DEBUG] debug-file - Module commonlib's total dependency: 0
[2026-02-28T18:18:23.318] [DEBUG] debug-file - Start to initialize dependency information.
[2026-02-28T18:18:23.319] [DEBUG] debug-file - Module asset_manage Collected Dependency: /Users/ccccc/harmonyProjests/IEasyBookC/components/asset_base
[2026-02-28T18:18:23.319] [DEBUG] debug-file - Module asset_manage's total dependency: 1
[2026-02-28T18:18:23.319] [DEBUG] debug-file - Start to initialize dependency information.
[2026-02-28T18:18:23.319] [DEBUG] debug-file - Module asset_base Collected Dependency: 
[2026-02-28T18:18:23.319] [DEBUG] debug-file - Module asset_base's total dependency: 0
[2026-02-28T18:18:23.319] [DEBUG] debug-file - Configuration phase cost:103 ms 
[2026-02-28T18:18:23.320] [DEBUG] debug-file - Configuration task cost before running: 112 ms 
[2026-02-28T18:18:23.320] [DEBUG] debug-file - Executing task :entry:init
[2026-02-28T18:18:23.320] [DEBUG] debug-file - entry : init cost memory 0.01305389404296875
[2026-02-28T18:18:23.320] [DEBUG] debug-file - runTaskFromQueue task cost before running: 112 ms 
[2026-02-28T18:18:23.321] [INFO] debug-file - Finished :entry:init... after 1 ms 
[2026-02-28T18:18:23.321] [DEBUG] debug-file - Executing task :commonlib:init
[2026-02-28T18:18:23.321] [DEBUG] debug-file - commonlib : init cost memory 0.01190948486328125
[2026-02-28T18:18:23.321] [DEBUG] debug-file - runTaskFromQueue task cost before running: 112 ms 
[2026-02-28T18:18:23.321] [INFO] debug-file - Finished :commonlib:init... after 1 ms 
[2026-02-28T18:18:23.321] [DEBUG] debug-file - Executing task :asset_manage:init
[2026-02-28T18:18:23.321] [DEBUG] debug-file - asset_manage : init cost memory 0.01563262939453125
[2026-02-28T18:18:23.321] [DEBUG] debug-file - runTaskFromQueue task cost before running: 112 ms 
[2026-02-28T18:18:23.321] [INFO] debug-file - Finished :asset_manage:init... after 1 ms 
[2026-02-28T18:18:23.321] [DEBUG] debug-file - Executing task :asset_base:init
[2026-02-28T18:18:23.321] [DEBUG] debug-file - asset_base : init cost memory 0.01194000244140625
[2026-02-28T18:18:23.321] [DEBUG] debug-file - runTaskFromQueue task cost before running: 112 ms 
[2026-02-28T18:18:23.321] [INFO] debug-file - Finished :asset_base:init... after 1 ms 
[2026-02-28T18:18:23.321] [DEBUG] debug-file - Executing task ::init
[2026-02-28T18:18:23.321] [DEBUG] debug-file - IEasyBookC : init cost memory 0.01586151123046875
[2026-02-28T18:18:23.321] [DEBUG] debug-file - runTaskFromQueue task cost before running: 112 ms 
[2026-02-28T18:18:23.321] [INFO] debug-file - Finished ::init... after 1 ms 
[2026-02-28T18:18:23.321] [DEBUG] debug-file - Obtain build option for module 'entry' target 'default'in this build.
[2026-02-28T18:18:23.321] [DEBUG] debug-file - Obtain build option for module 'entry' target 'ohosTest'in this build.
[2026-02-28T18:18:23.322] [DEBUG] debug-file - Obtain build option for module 'commonlib' target 'default'in this build.
[2026-02-28T18:18:23.322] [DEBUG] debug-file - Obtain build option for module 'commonlib' target 'ohosTest'in this build.
[2026-02-28T18:18:23.322] [DEBUG] debug-file - Obtain build option for module 'asset_manage' target 'default'in this build.
[2026-02-28T18:18:23.322] [DEBUG] debug-file - Obtain build option for module 'asset_manage' target 'ohosTest'in this build.
[2026-02-28T18:18:23.322] [DEBUG] debug-file - Obtain build option for module 'asset_base' target 'default'in this build.
[2026-02-28T18:18:23.322] [DEBUG] debug-file - Obtain build option for module 'asset_base' target 'ohosTest'in this build.
[2026-02-28T18:18:23.323] [DEBUG] debug-file - hvigor build process will be closed.
[2026-02-28T18:18:23.361] [DEBUG] debug-file - session manager: send message to worker process.
[2026-02-28T18:18:23.361] [DEBUG] debug-file - session manager: send message to worker process.
[2026-02-28T18:18:23.362] [DEBUG] debug-file - watch worker: worker id should be larger than 0. Nothing will be sent to any worker thread.
[2026-02-28T18:18:23.362] [DEBUG] debug-file - watch worker: worker id should be larger than 0. Nothing will be sent to any worker thread.
